movie_id,title,release_year,numeric__rating_score,numeric__movie_age,numeric__title_length,numeric__platform_count,categorical__age_rating_0+,categorical__age_rating_13+,categorical__age_rating_16+,categorical__age_rating_18+,categorical__age_rating_7+,categorical__age_rating_unknown,categorical__availability_group_multi_platform,categorical__availability_group_single_platform
3,David Attenborough: A Life on Our Planet,2020,3.117154461526793,-0.7287104274268826,2.144714674666887,-0.17022515745140482,0.0,0.0,0.0,0.0,1.0,0.0,0.0,1.0
7,The Social Dilemma,2020,2.9661228215417363,-0.7287104274268826,0.03519475076670541,-0.17022515745140482,0.0,1.0,0.0,0.0,0.0,0.0,0.0,1.0
10,The Trial of the Chicago 7,2020,2.890607001549208,-0.7287104274268826,0.8022929049122259,-0.17022515745140482,0.0,0.0,0.0,1.0,0.0,0.0,0.0,1.0
17,Miss Americana,2020,2.739575361564152,-0.7287104274268826,-0.34835432630605484,-0.17022515745140482,0.0,0.0,0.0,1.0,0.0,0.0,0.0,1.0
30,The Half of It,2020,2.6640595415716235,-0.7287104274268826,-0.34835432630605484,-0.17022515745140482,0.0,1.0,0.0,0.0,0.0,0.0,0.0,1.0
32,The Devil All the Time,2020,2.6640595415716235,-0.7287104274268826,0.4187438278394657,-0.17022515745140482,0.0,0.0,0.0,1.0,0.0,0.0,0.0,1.0
34,Pieces of a Woman,2020,2.5885437215790956,-0.7287104274268826,-0.06069251850148466,-0.17022515745140482,0.0,0.0,0.0,1.0,0.0,0.0,0.0,1.0
42,Kiss the Ground,2020,2.5130279015865673,-0.7287104274268826,-0.2524670570378648,-0.17022515745140482,0.0,0.0,0.0,1.0,0.0,0.0,0.0,1.0
43,Crip Camp: A Disability Revolution,2020,2.5130279015865673,-0.7287104274268826,1.5693910590577465,-0.17022515745140482,0.0,0.0,0.0,1.0,0.0,0.0,0.0,1.0
44,Extraction,2020,2.5130279015865673,-0.7287104274268826,-0.7319034033788151,-0.17022515745140482,0.0,0.0,0.0,1.0,0.0,0.0,0.0,1.0
47,His House,2020,2.5130279015865673,-0.7287104274268826,-0.8277906726470052,-0.17022515745140482,0.0,0.0,1.0,0.0,0.0,0.0,0.0,1.0
50,A Secret Love,2020,2.5130279015865673,-0.7287104274268826,-0.4442415955742449,-0.17022515745140482,0.0,0.0,0.0,1.0,0.0,0.0,0.0,1.0
75,Eurovision Song Contest: The Story of Fire Saga,2020,2.286480441608983,-0.7287104274268826,2.815925559544217,-0.17022515745140482,0.0,1.0,0.0,0.0,0.0,0.0,0.0,1.0
85,Ma Rainey's Black Bottom,2020,2.286480441608983,-0.7287104274268826,0.6105183663758458,-0.17022515745140482,0.0,0.0,0.0,1.0,0.0,0.0,0.0,1.0
88,Over the Moon,2020,2.286480441608983,-0.7287104274268826,-0.4442415955742449,-0.17022515745140482,0.0,0.0,0.0,0.0,1.0,0.0,0.0,1.0
97,The Hater,2020,2.2109646216164545,-0.7287104274268826,-0.8277906726470052,-0.17022515745140482,0.0,0.0,0.0,1.0,0.0,0.0,0.0,1.0
106,My Octopus Teacher,2020,2.2109646216164545,-0.7287104274268826,0.03519475076670541,-0.17022515745140482,1.0,0.0,0.0,0.0,0.0,0.0,0.0,1.0
116,The Life Ahead,2020,2.135448801623926,-0.7287104274268826,-0.34835432630605484,-0.17022515745140482,0.0,1.0,0.0,0.0,0.0,0.0,0.0,1.0
134,A Whisker Away,2020,2.059932981631398,-0.7287104274268826,-0.34835432630605484,-0.17022515745140482,0.0,0.0,0.0,0.0,1.0,0.0,0.0,1.0
139,Bo Burnham: Inside,2021,2.059932981631398,-0.779269521939155,0.03519475076670541,-0.17022515745140482,0.0,0.0,0.0,1.0,0.0,0.0,0.0,1.0
167,The Willoughbys,2020,1.9844171616388697,-0.7287104274268826,-0.2524670570378648,-0.17022515745140482,0.0,0.0,0.0,0.0,1.0,0.0,0.0,1.0
178,The Speed Cubers,2020,1.9089013416463416,-0.7287104274268826,-0.1565797877696747,-0.17022515745140482,0.0,0.0,0.0,0.0,0.0,1.0,0.0,1.0
214,The Old Guard,2020,1.8333855216538133,-0.7287104274268826,-0.4442415955742449,-0.17022515745140482,0.0,0.0,0.0,1.0,0.0,0.0,0.0,1.0
232,Enola Holmes,2020,1.7578697016612852,-0.7287104274268826,-0.5401288648424349,-0.17022515745140482,0.0,1.0,0.0,0.0,0.0,0.0,0.0,1.0
282,Uncorked,2020,1.6068380616762288,-0.7287104274268826,-0.9236779419151953,-0.17022515745140482,0.0,1.0,0.0,0.0,0.0,0.0,0.0,1.0
288,The Dig,2021,1.6068380616762288,-0.779269521939155,-1.0195652111833853,-0.17022515745140482,0.0,1.0,0.0,0.0,0.0,0.0,0.0,1.0
306,Army of the Dead,2021,1.6068380616762288,-0.779269521939155,-0.1565797877696747,-0.17022515745140482,0.0,0.0,0.0,1.0,0.0,0.0,0.0,1.0
314,The White Tiger,2021,1.6068380616762288,-0.779269521939155,-0.2524670570378648,-0.17022515745140482,0.0,0.0,0.0,1.0,0.0,0.0,0.0,1.0
323,I Care a Lot,2021,1.5313222416837007,-0.779269521939155,-0.5401288648424349,-0.17022515745140482,0.0,0.0,0.0,1.0,0.0,0.0,0.0,1.0
341,Have a Good Trip: Adventures in Psychedelics,2020,1.5313222416837007,-0.7287104274268826,2.5282637517396473,-0.17022515745140482,0.0,0.0,0.0,1.0,0.0,0.0,0.0,1.0
344,Nobody Knows I'm Here,2020,1.5313222416837007,-0.7287104274268826,0.3228565585712756,-0.17022515745140482,0.0,0.0,0.0,1.0,0.0,0.0,0.0,1.0
348,Mank,2020,1.5313222416837007,-0.7287104274268826,-1.3072270189879556,-0.17022515745140482,0.0,0.0,0.0,1.0,0.0,0.0,0.0,1.0
358,Lost Bullet,2020,1.4558064216911724,-0.7287104274268826,-0.6360161341106251,-0.17022515745140482,0.0,0.0,0.0,1.0,0.0,0.0,0.0,1.0
365,Wish Dragon,2021,1.4558064216911724,-0.779269521939155,-0.6360161341106251,-0.17022515745140482,0.0,0.0,0.0,0.0,1.0,0.0,0.0,1.0
368,The Babysitter: Killer Queen,2020,1.4558064216911724,-0.7287104274268826,0.9940674434486061,-0.17022515745140482,0.0,0.0,0.0,0.0,0.0,1.0,0.0,1.0
371,Spelling the Dream,2020,1.4558064216911724,-0.7287104274268826,0.03519475076670541,-0.17022515745140482,1.0,0.0,0.0,0.0,0.0,0.0,0.0,1.0
377,The Mitchells vs. The Machines,2021,1.4558064216911724,-0.779269521939155,1.1858419819849861,-0.17022515745140482,0.0,0.0,0.0,0.0,1.0,0.0,0.0,1.0
378,Spenser Confidential,2020,1.4558064216911724,-0.7287104274268826,0.22696928930308555,-0.17022515745140482,0.0,0.0,0.0,1.0,0.0,0.0,0.0,1.0
385,Holidate,2020,1.4558064216911724,-0.7287104274268826,-0.9236779419151953,-0.17022515745140482,0.0,0.0,0.0,0.0,0.0,1.0,0.0,1.0
386,Fear Street Part Two: 1978,2021,1.4558064216911724,-0.779269521939155,0.8022929049122259,-0.17022515745140482,0.0,0.0,0.0,1.0,0.0,0.0,0.0,1.0
388,Gunpowder Milkshake,2021,1.4558064216911724,-0.779269521939155,0.13108202003489547,-0.17022515745140482,0.0,0.0,0.0,1.0,0.0,0.0,0.0,1.0
443,The Ice Road,2021,1.3802906016986443,-0.779269521939155,-0.5401288648424349,-0.17022515745140482,0.0,1.0,0.0,0.0,0.0,0.0,0.0,1.0
447,Horse Girl,2020,1.3802906016986443,-0.7287104274268826,-0.7319034033788151,-0.17022515745140482,0.0,0.0,0.0,1.0,0.0,0.0,0.0,1.0
449,Hillbilly Elegy,2020,1.3802906016986443,-0.7287104274268826,-0.2524670570378648,-0.17022515745140482,0.0,0.0,0.0,1.0,0.0,0.0,0.0,1.0
455,I'm Thinking of Ending Things,2020,1.304774781706116,-0.7287104274268826,1.0899547127167961,-0.17022515745140482,0.0,0.0,0.0,1.0,0.0,0.0,0.0,1.0
486,Jerry Seinfeld: 23 Hours to Kill,2020,1.304774781706116,-0.7287104274268826,1.3776165205213664,-0.17022515745140482,0.0,0.0,0.0,0.0,1.0,0.0,0.0,1.0
490,Bad Trip,2020,1.304774781706116,-0.7287104274268826,-0.9236779419151953,-0.17022515745140482,0.0,0.0,0.0,1.0,0.0,0.0,0.0,1.0
494,The Midnight Sky,2020,1.304774781706116,-0.7287104274268826,-0.1565797877696747,-0.17022515745140482,0.0,1.0,0.0,0.0,0.0,0.0,0.0,1.0
497,Synchronic,2020,1.304774781706116,-0.7287104274268826,-0.7319034033788151,-0.17022515745140482,0.0,0.0,0.0,1.0,0.0,0.0,0.0,1.0
501,Da 5 Bloods,2020,1.2292589617135878,-0.7287104274268826,-0.6360161341106251,-0.17022515745140482,0.0,0.0,0.0,1.0,0.0,0.0,0.0,1.0
508,Fear Street: 1666,2021,1.2292589617135878,-0.779269521939155,-0.06069251850148466,-0.17022515745140482,0.0,0.0,0.0,1.0,0.0,0.0,0.0,1.0
515,Ava,2020,1.2292589617135878,-0.7287104274268826,-1.4031142882561456,-0.17022515745140482,0.0,0.0,0.0,1.0,0.0,0.0,0.0,1.0
518,Go!,2020,1.2292589617135878,-0.7287104274268826,-1.4031142882561456,-0.17022515745140482,0.0,0.0,0.0,0.0,0.0,1.0,0.0,1.0
527,The Wrong Missy,2020,1.2292589617135878,-0.7287104274268826,-0.2524670570378648,-0.17022515745140482,0.0,0.0,0.0,1.0,0.0,0.0,0.0,1.0
533,Mosul,2020,1.2292589617135878,-0.7287104274268826,-1.2113397497197655,-0.17022515745140482,0.0,0.0,0.0,0.0,0.0,1.0,0.0,1.0
561,Disclosure,2020,1.1537431417210595,-0.7287104274268826,-0.7319034033788151,-0.17022515745140482,0.0,0.0,0.0,1.0,0.0,0.0,0.0,1.0
564,Fear Street: 1994,2021,1.1537431417210595,-0.779269521939155,-0.06069251850148466,-0.17022515745140482,0.0,0.0,0.0,0.0,0.0,1.0,0.0,1.0
568,Outside the Wire,2021,1.1537431417210595,-0.779269521939155,-0.1565797877696747,-0.17022515745140482,0.0,0.0,0.0,1.0,0.0,0.0,0.0,1.0
570,Project Power,2020,1.1537431417210595,-0.7287104274268826,-0.4442415955742449,-0.17022515745140482,0.0,0.0,0.0,1.0,0.0,0.0,0.0,1.0
581,Trollhunters: Rise of the Titans,2021,1.1537431417210595,-0.779269521939155,1.3776165205213664,-0.17022515745140482,0.0,0.0,0.0,0.0,1.0,0.0,0.0,1.0
586,Death to 2020,2020,1.1537431417210595,-0.7287104274268826,-0.4442415955742449,-0.17022515745140482,0.0,0.0,0.0,1.0,0.0,0.0,0.0,1.0
596,If Anything Happens I Love You,2020,1.1537431417210595,-0.7287104274268826,1.1858419819849861,-0.17022515745140482,0.0,0.0,0.0,0.0,1.0,0.0,0.0,1.0
601,Fatherhood,2021,1.1537431417210595,-0.779269521939155,-0.7319034033788151,-0.17022515745140482,0.0,1.0,0.0,0.0,0.0,0.0,0.0,1.0
612,Rocks,2020,1.0782273217285314,-0.7287104274268826,-1.2113397497197655,-0.17022515745140482,0.0,0.0,0.0,1.0,0.0,0.0,0.0,1.0
614,Giving Voice,2020,1.0782273217285314,-0.7287104274268826,-0.5401288648424349,-0.17022515745140482,0.0,1.0,0.0,0.0,0.0,0.0,0.0,1.0
624,Ludo,2020,1.0782273217285314,-0.7287104274268826,-1.3072270189879556,-0.17022515745140482,0.0,1.0,0.0,0.0,0.0,0.0,0.0,1.0
630,American Murder: The Family Next Door,2020,1.0782273217285314,-0.7287104274268826,1.8570528668623167,-0.17022515745140482,0.0,0.0,0.0,1.0,0.0,0.0,0.0,1.0
635,After We Collided,2020,1.0782273217285314,-0.7287104274268826,-0.06069251850148466,-0.17022515745140482,0.0,0.0,0.0,1.0,0.0,0.0,0.0,1.0
638,To All the Boys: P.S. I Still Love You,2020,1.0782273217285314,-0.7287104274268826,1.9529401361305068,-0.17022515745140482,0.0,0.0,1.0,0.0,0.0,0.0,0.0,1.0
639,Malang,2020,1.0782273217285314,-0.7287104274268826,-1.1154524804515753,-0.17022515745140482,0.0,0.0,0.0,0.0,0.0,1.0,0.0,1.0
649,Rurouni Kenshin: The Final,2021,1.002711501736003,-0.779269521939155,0.8022929049122259,-0.17022515745140482,0.0,0.0,0.0,0.0,0.0,1.0,0.0,1.0
652,All the Bright Places,2020,1.002711501736003,-0.7287104274268826,0.3228565585712756,-0.17022515745140482,0.0,0.0,0.0,1.0,0.0,0.0,0.0,1.0
656,Major Grom: Plague Doctor,2021,1.002711501736003,-0.779269521939155,0.7064056356440359,-0.17022515745140482,0.0,0.0,0.0,0.0,0.0,1.0,0.0,1.0
658,Seaspiracy,2021,1.002711501736003,-0.779269521939155,-0.7319034033788151,-0.17022515745140482,0.0,0.0,0.0,1.0,0.0,0.0,0.0,1.0
660,Moxie,2021,1.002711501736003,-0.779269521939155,-1.2113397497197655,-0.17022515745140482,0.0,1.0,0.0,0.0,0.0,0.0,0.0,1.0
661,18 Presents,2020,1.002711501736003,-0.7287104274268826,-0.6360161341106251,-0.17022515745140482,0.0,0.0,0.0,1.0,0.0,0.0,0.0,1.0
662,Oxygen,2021,1.002711501736003,-0.779269521939155,-1.1154524804515753,-0.17022515745140482,0.0,0.0,0.0,1.0,0.0,0.0,0.0,1.0
666,Athlete A,2020,1.002711501736003,-0.7287104274268826,-0.8277906726470052,-0.17022515745140482,0.0,1.0,0.0,0.0,0.0,0.0,0.0,1.0
673,Penguin Bloom,2021,1.002711501736003,-0.779269521939155,-0.4442415955742449,-0.17022515745140482,0.0,1.0,0.0,0.0,0.0,0.0,0.0,1.0
674,The Kissing Booth 2,2020,1.002711501736003,-0.7287104274268826,0.13108202003489547,-0.17022515745140482,0.0,0.0,0.0,0.0,0.0,1.0,0.0,1.0
684,Stowaway,2021,1.002711501736003,-0.779269521939155,-0.9236779419151953,-0.17022515745140482,0.0,0.0,0.0,1.0,0.0,0.0,0.0,1.0
690,Kingdom: Ashin of the North,2021,1.002711501736003,-0.779269521939155,0.898180174180416,-0.17022515745140482,0.0,0.0,0.0,1.0,0.0,0.0,0.0,1.0
692,Emicida: AmarElo - It's All for Yesterday,2020,1.002711501736003,-0.7287104274268826,2.240601943935077,-0.17022515745140482,0.0,0.0,0.0,0.0,0.0,1.0,0.0,1.0
693,Blue Miracle,2021,1.002711501736003,-0.779269521939155,-0.5401288648424349,-0.17022515745140482,0.0,0.0,0.0,0.0,1.0,0.0,0.0,1.0
698,Rising Phoenix,2020,1.002711501736003,-0.7287104274268826,-0.34835432630605484,-0.17022515745140482,0.0,1.0,0.0,0.0,0.0,0.0,0.0,1.0
704,The Occupant,2020,1.002711501736003,-0.7287104274268826,-0.5401288648424349,-0.17022515745140482,0.0,0.0,0.0,1.0,0.0,0.0,0.0,1.0
706,The Woman in the Window,2021,1.002711501736003,-0.779269521939155,0.5146310971076558,-0.17022515745140482,0.0,0.0,0.0,1.0,0.0,0.0,0.0,1.0
723,Good on Paper,2021,0.927195681743475,-0.779269521939155,-0.4442415955742449,-0.17022515745140482,0.0,0.0,0.0,1.0,0.0,0.0,0.0,1.0
734,Yes Day,2021,0.927195681743475,-0.779269521939155,-1.0195652111833853,-0.17022515745140482,0.0,0.0,0.0,0.0,1.0,0.0,0.0,1.0
735,Blood Red Sky,2021,0.927195681743475,-0.779269521939155,-0.4442415955742449,-0.17022515745140482,0.0,0.0,0.0,1.0,0.0,0.0,0.0,1.0
737,Tread,2020,0.927195681743475,-0.7287104274268826,-1.2113397497197655,-0.17022515745140482,0.0,0.0,0.0,0.0,0.0,1.0,0.0,1.0
742,Ferry,2021,0.927195681743475,-0.779269521939155,-1.2113397497197655,-0.17022515745140482,0.0,0.0,0.0,1.0,0.0,0.0,0.0,1.0
746,The Lovebirds,2020,0.927195681743475,-0.7287104274268826,-0.4442415955742449,-0.17022515745140482,0.0,0.0,0.0,1.0,0.0,0.0,0.0,1.0
748,Sergio,2020,0.927195681743475,-0.7287104274268826,-1.1154524804515753,-0.17022515745140482,0.0,0.0,0.0,1.0,0.0,0.0,0.0,1.0
749,The Last Letter From Your Lover,2021,0.927195681743475,-0.779269521939155,1.2817292512531762,-0.17022515745140482,0.0,0.0,0.0,1.0,0.0,0.0,0.0,1.0
763,Lingua Franca,2020,0.927195681743475,-0.7287104274268826,-0.4442415955742449,-0.17022515745140482,0.0,0.0,0.0,0.0,0.0,1.0,0.0,1.0
776,Haseen Dillruba,2021,0.8516798617509468,-0.779269521939155,-0.2524670570378648,-0.17022515745140482,0.0,0.0,0.0,1.0,0.0,0.0,0.0,1.0
789,The Prom,2020,0.8516798617509468,-0.7287104274268826,-0.9236779419151953,-0.17022515745140482,0.0,1.0,0.0,0.0,0.0,0.0,0.0,1.0
798,Lost Girls,2020,0.8516798617509468,-0.7287104274268826,-0.7319034033788151,-0.17022515745140482,0.0,0.0,0.0,1.0,0.0,0.0,0.0,1.0
807,Xtreme,2021,0.8516798617509468,-0.779269521939155,-1.1154524804515753,-0.17022515745140482,0.0,0.0,0.0,1.0,0.0,0.0,0.0,1.0
809,Two Distant Strangers,2020,0.8516798617509468,-0.7287104274268826,0.3228565585712756,-0.17022515745140482,0.0,0.0,0.0,1.0,0.0,0.0,0.0,1.0
811,To All the Boys: Always and Forever,2021,0.8516798617509468,-0.779269521939155,1.6652783283259365,-0.17022515745140482,0.0,0.0,0.0,0.0,0.0,1.0,0.0,1.0
812,Breaking Boundaries: The Science of Our Planet,2021,0.8516798617509468,-0.779269521939155,2.7200382902760274,-0.17022515745140482,0.0,0.0,0.0,0.0,1.0,0.0,0.0,1.0
817,Gunjan Saxena: The Kargil Girl,2020,0.8516798617509468,-0.7287104274268826,1.1858419819849861,-0.17022515745140482,0.0,0.0,1.0,0.0,0.0,0.0,0.0,1.0
826,Thunder Force,2021,0.8516798617509468,-0.779269521939155,-0.4442415955742449,-0.17022515745140482,0.0,1.0,0.0,0.0,0.0,0.0,0.0,1.0
829,Space Sweepers,2021,0.8516798617509468,-0.779269521939155,-0.34835432630605484,-0.17022515745140482,0.0,0.0,0.0,0.0,0.0,1.0,0.0,1.0
833,A Babysitter's Guide to Monster Hunting,2020,0.7761640417584186,-0.7287104274268826,2.048827405398697,-0.17022515745140482,0.0,0.0,0.0,0.0,0.0,1.0,0.0,1.0
844,The Christmas Chronicles: Part Two,2020,0.7761640417584186,-0.7287104274268826,1.5693910590577465,-0.17022515745140482,0.0,0.0,0.0,0.0,1.0,0.0,0.0,1.0
858,The Boys in the Band,2020,0.7761640417584186,-0.7287104274268826,0.22696928930308555,-0.17022515745140482,0.0,0.0,0.0,1.0,0.0,0.0,0.0,1.0
866,The Forty-Year-Old Version,2020,0.7761640417584186,-0.7287104274268826,0.8022929049122259,-0.17022515745140482,0.0,0.0,0.0,1.0,0.0,0.0,0.0,1.0
873,The Call,2020,0.7761640417584186,-0.7287104274268826,-0.9236779419151953,-0.17022515745140482,0.0,0.0,0.0,0.0,0.0,1.0,0.0,1.0
875,Dick Johnson Is Dead,2020,0.7761640417584186,-0.7287104274268826,0.22696928930308555,-0.17022515745140482,0.0,1.0,0.0,0.0,0.0,0.0,0.0,1.0
878,Mimi,2021,0.7761640417584186,-0.779269521939155,-1.3072270189879556,-0.17022515745140482,0.0,0.0,0.0,0.0,0.0,1.0,0.0,1.0
882,Taylor Tomlinson: Quarter-Life Crisis,2020,0.7761640417584186,-0.7287104274268826,1.8570528668623167,-0.17022515745140482,0.0,0.0,1.0,0.0,0.0,0.0,0.0,1.0
883,All Day and a Night,2020,0.7761640417584186,-0.7287104274268826,0.13108202003489547,-0.17022515745140482,0.0,0.0,0.0,1.0,0.0,0.0,0.0,1.0
902,Below Zero,2021,0.7761640417584186,-0.779269521939155,-0.7319034033788151,-0.17022515745140482,0.0,0.0,0.0,1.0,0.0,0.0,0.0,1.0
913,Andhaghaaram,2020,0.7006482217658904,-0.7287104274268826,-0.5401288648424349,-0.17022515745140482,0.0,0.0,0.0,0.0,0.0,1.0,0.0,1.0
917,Jingle Jangle: A Christmas Journey,2020,0.7006482217658904,-0.7287104274268826,1.5693910590577465,-0.17022515745140482,0.0,0.0,0.0,0.0,1.0,0.0,0.0,1.0
947,BLACKPINK: Light Up the Sky,2020,0.7006482217658904,-0.7287104274268826,0.898180174180416,-0.17022515745140482,1.0,0.0,0.0,0.0,0.0,0.0,0.0,1.0
959,I Am All Girls,2021,0.7006482217658904,-0.779269521939155,-0.34835432630605484,-0.17022515745140482,0.0,0.0,0.0,1.0,0.0,0.0,0.0,1.0
960,Jagame Thandhiram,2021,0.7006482217658904,-0.779269521939155,-0.06069251850148466,-0.17022515745140482,0.0,0.0,0.0,1.0,0.0,0.0,0.0,1.0
962,Hubie Halloween,2020,0.7006482217658904,-0.7287104274268826,-0.2524670570378648,-0.17022515745140482,0.0,1.0,0.0,0.0,0.0,0.0,0.0,1.0
964,Awake,2021,0.7006482217658904,-0.779269521939155,-1.2113397497197655,5.431730024131194,0.0,0.0,0.0,0.0,0.0,1.0,1.0,0.0
965,Bulbbul,2020,0.7006482217658904,-0.7287104274268826,-1.0195652111833853,-0.17022515745140482,0.0,0.0,0.0,1.0,0.0,0.0,0.0,1.0
966,Malcolm & Marie,2021,0.7006482217658904,-0.779269521939155,-0.2524670570378648,-0.17022515745140482,0.0,0.0,0.0,1.0,0.0,0.0,0.0,1.0
983,America: The Motion Picture,2021,0.7006482217658904,-0.779269521939155,0.898180174180416,-0.17022515745140482,0.0,0.0,0.0,0.0,0.0,1.0,0.0,1.0
993,#Alive,2020,0.6251324017733622,-0.7287104274268826,-1.1154524804515753,-0.17022515745140482,0.0,0.0,0.0,0.0,0.0,1.0,0.0,1.0
994,Finding 'Ohana,2021,0.6251324017733622,-0.779269521939155,-0.34835432630605484,-0.17022515745140482,0.0,0.0,0.0,0.0,1.0,0.0,0.0,1.0
1001,Feel the Beat,2020,0.6251324017733622,-0.7287104274268826,-0.4442415955742449,-0.17022515745140482,1.0,0.0,0.0,0.0,0.0,0.0,0.0,1.0
1003,Silver Skates,2020,0.6251324017733622,-0.7287104274268826,-0.4442415955742449,-0.17022515745140482,0.0,0.0,0.0,1.0,0.0,0.0,0.0,1.0
1006,Choked: Paisa Bolta Hai,2020,0.6251324017733622,-0.7287104274268826,0.5146310971076558,-0.17022515745140482,0.0,0.0,1.0,0.0,0.0,0.0,0.0,1.0
1009,Ala Vaikunthapurramuloo,2020,0.6251324017733622,-0.7287104274268826,0.5146310971076558,-0.17022515745140482,0.0,1.0,0.0,0.0,0.0,0.0,0.0,1.0
1011,Pelé,2021,0.6251324017733622,-0.779269521939155,-1.3072270189879556,-0.17022515745140482,0.0,1.0,0.0,0.0,0.0,0.0,0.0,1.0
1014,Hannah Gadsby: Douglas,2020,0.6251324017733622,-0.7287104274268826,0.4187438278394657,-0.17022515745140482,0.0,0.0,0.0,1.0,0.0,0.0,0.0,1.0
1015,Operation Christmas Drop,2020,0.6251324017733622,-0.7287104274268826,0.6105183663758458,-0.17022515745140482,1.0,0.0,0.0,0.0,0.0,0.0,0.0,1.0
1026,The Paramedic,2020,0.6251324017733622,-0.7287104274268826,-0.4442415955742449,-0.17022515745140482,0.0,0.0,0.0,1.0,0.0,0.0,0.0,1.0
1032,How I Became a Superhero,2021,0.6251324017733622,-0.779269521939155,0.6105183663758458,-0.17022515745140482,0.0,0.0,0.0,0.0,0.0,1.0,0.0,1.0
1033,Isi & Ossi,2020,0.6251324017733622,-0.7287104274268826,-0.7319034033788151,-0.17022515745140482,0.0,0.0,0.0,1.0,0.0,0.0,0.0,1.0
1043,2 Hearts,2020,0.6251324017733622,-0.7287104274268826,-0.9236779419151953,-0.17022515745140482,0.0,1.0,0.0,0.0,0.0,0.0,0.0,1.0
1044,The Night Clerk,2020,0.6251324017733622,-0.7287104274268826,-0.2524670570378648,-0.17022515745140482,0.0,0.0,0.0,1.0,0.0,0.0,0.0,1.0
1046,Work It,2020,0.6251324017733622,-0.7287104274268826,-1.0195652111833853,-0.17022515745140482,0.0,0.0,1.0,0.0,0.0,0.0,0.0,1.0
1053,Secret Magic Control Agency,2021,0.6251324017733622,-0.779269521939155,0.898180174180416,-0.17022515745140482,0.0,0.0,0.0,0.0,1.0,0.0,0.0,1.0
1054,The Three Deaths of Marisela Escobedo,2020,0.6251324017733622,-0.7287104274268826,1.8570528668623167,-0.17022515745140482,0.0,0.0,0.0,1.0,0.0,0.0,0.0,1.0
1058,Nayattu,2021,0.549616581780834,-0.779269521939155,-1.0195652111833853,-0.17022515745140482,0.0,0.0,0.0,1.0,0.0,0.0,0.0,1.0
1071,Audrey,2020,0.549616581780834,-0.7287104274268826,-1.1154524804515753,-0.17022515745140482,0.0,0.0,1.0,0.0,0.0,0.0,0.0,1.0
1075,"Best Wishes, Warmest Regards: A Schitt's Creek Farewell",2020,0.549616581780834,-0.7287104274268826,3.583023713689738,-0.17022515745140482,0.0,0.0,0.0,0.0,0.0,1.0,0.0,1.0
1080,1BR,2020,0.549616581780834,-0.7287104274268826,-1.4031142882561456,-0.17022515745140482,0.0,0.0,1.0,0.0,0.0,0.0,0.0,1.0
1084,The Last Blockbuster,2020,0.549616581780834,-0.7287104274268826,0.22696928930308555,-0.17022515745140482,0.0,0.0,1.0,0.0,0.0,0.0,0.0,1.0
1086,Mandela,2021,0.549616581780834,-0.779269521939155,-1.0195652111833853,-0.17022515745140482,0.0,0.0,1.0,0.0,0.0,0.0,0.0,1.0
1087,Calm with Horses,2020,0.549616581780834,-0.7287104274268826,-0.1565797877696747,-0.17022515745140482,0.0,0.0,0.0,1.0,0.0,0.0,0.0,1.0
1092,The Seventh Day,2021,0.549616581780834,-0.779269521939155,-0.2524670570378648,-0.17022515745140482,0.0,0.0,0.0,1.0,0.0,0.0,0.0,1.0
1096,Altered Carbon: Resleeved,2020,0.549616581780834,-0.7287104274268826,0.7064056356440359,-0.17022515745140482,0.0,0.0,0.0,1.0,0.0,0.0,0.0,1.0
1098,Don't Listen,2020,0.549616581780834,-0.7287104274268826,-0.5401288648424349,-0.17022515745140482,0.0,0.0,0.0,0.0,0.0,1.0,0.0,1.0
1101,Things Heard & Seen,2021,0.549616581780834,-0.779269521939155,0.13108202003489547,-0.17022515745140482,0.0,0.0,0.0,1.0,0.0,0.0,0.0,1.0
1115,Wasp Network,2020,0.549616581780834,-0.7287104274268826,-0.5401288648424349,-0.17022515745140482,0.0,0.0,0.0,1.0,0.0,0.0,0.0,1.0
1116,Monster,2021,0.549616581780834,-0.779269521939155,-1.0195652111833853,5.431730024131194,0.0,0.0,0.0,1.0,0.0,0.0,1.0,0.0
1125,Sightless,2020,0.549616581780834,-0.7287104274268826,-0.8277906726470052,-0.17022515745140482,0.0,0.0,0.0,0.0,0.0,1.0,0.0,1.0
1126,Red Dot,2021,0.549616581780834,-0.779269521939155,-1.0195652111833853,-0.17022515745140482,0.0,0.0,0.0,1.0,0.0,0.0,0.0,1.0
1127,Tom Segura: Ball Hog,2020,0.549616581780834,-0.7287104274268826,0.22696928930308555,-0.17022515745140482,0.0,0.0,0.0,1.0,0.0,0.0,0.0,1.0
1129,Your Name Engraved Herein,2020,0.549616581780834,-0.7287104274268826,0.7064056356440359,-0.17022515745140482,0.0,0.0,0.0,0.0,0.0,1.0,0.0,1.0
1130,Skater Girl,2021,0.549616581780834,-0.779269521939155,-0.6360161341106251,-0.17022515745140482,0.0,0.0,0.0,0.0,1.0,0.0,0.0,1.0
1133,Murder by the Coast,2021,0.47410076178830574,-0.779269521939155,0.13108202003489547,-0.17022515745140482,0.0,0.0,0.0,1.0,0.0,0.0,0.0,1.0
1135,"Crack: Cocaine, Corruption & Conspiracy",2021,0.47410076178830574,-0.779269521939155,2.048827405398697,-0.17022515745140482,0.0,0.0,0.0,1.0,0.0,0.0,0.0,1.0
1141,Nail Bomber: Manhunt,2021,0.47410076178830574,-0.779269521939155,0.22696928930308555,-0.17022515745140482,0.0,0.0,0.0,1.0,0.0,0.0,0.0,1.0
1147,Pete Davidson: Alive from New York,2020,0.47410076178830574,-0.7287104274268826,1.5693910590577465,-0.17022515745140482,0.0,0.0,0.0,1.0,0.0,0.0,0.0,1.0
1152,A Fall from Grace,2020,0.47410076178830574,-0.7287104274268826,-0.06069251850148466,-0.17022515745140482,0.0,0.0,0.0,1.0,0.0,0.0,0.0,1.0
1157,Unbreakable Kimmy Schmidt: Kimmy vs. the Reverend,2020,0.47410076178830574,-0.7287104274268826,3.0077000980805972,-0.17022515745140482,0.0,1.0,0.0,0.0,0.0,0.0,0.0,1.0
1160,Rebecca,2020,0.47410076178830574,-0.7287104274268826,-1.0195652111833853,-0.17022515745140482,0.0,1.0,0.0,0.0,0.0,0.0,0.0,1.0
1164,Secrets of the Saqqara Tomb,2020,0.47410076178830574,-0.7287104274268826,0.898180174180416,-0.17022515745140482,0.0,0.0,0.0,0.0,1.0,0.0,0.0,1.0
1166,The Reason I Jump,2020,0.47410076178830574,-0.7287104274268826,-0.06069251850148466,-0.17022515745140482,0.0,0.0,0.0,0.0,0.0,1.0,0.0,1.0
1171,AK vs AK,2020,0.47410076178830574,-0.7287104274268826,-0.9236779419151953,-0.17022515745140482,0.0,0.0,0.0,1.0,0.0,0.0,0.0,1.0
1173,Rogue City,2020,0.47410076178830574,-0.7287104274268826,-0.7319034033788151,-0.17022515745140482,0.0,1.0,0.0,0.0,0.0,0.0,0.0,1.0
1177,Rose Island,2020,0.47410076178830574,-0.7287104274268826,-0.6360161341106251,-0.17022515745140482,0.0,0.0,0.0,0.0,0.0,1.0,0.0,1.0
1191,Paper Lives,2021,0.47410076178830574,-0.779269521939155,-0.6360161341106251,-0.17022515745140482,0.0,0.0,0.0,0.0,0.0,1.0,0.0,1.0
1193,Biggie: I Got a Story to Tell,2021,0.47410076178830574,-0.779269521939155,1.0899547127167961,-0.17022515745140482,0.0,0.0,0.0,1.0,0.0,0.0,0.0,1.0
1196,Concrete Cowboy,2020,0.47410076178830574,-0.7287104274268826,-0.2524670570378648,-0.17022515745140482,0.0,0.0,0.0,0.0,0.0,1.0,0.0,1.0
1201,The Vanished,2020,0.47410076178830574,-0.7287104274268826,-0.5401288648424349,-0.17022515745140482,0.0,0.0,0.0,1.0,0.0,0.0,0.0,1.0
1203,Dangerous Lies,2020,0.47410076178830574,-0.7287104274268826,-0.34835432630605484,-0.17022515745140482,0.0,0.0,1.0,0.0,0.0,0.0,0.0,1.0
1205,The Book of Sun,2020,0.47410076178830574,-0.7287104274268826,-0.2524670570378648,-0.17022515745140482,0.0,0.0,0.0,0.0,0.0,1.0,0.0,1.0
1209,Security,2021,0.47410076178830574,-0.779269521939155,-0.9236779419151953,-0.17022515745140482,0.0,0.0,0.0,0.0,0.0,1.0,0.0,1.0
1214,Cinema Bandi,2021,0.47410076178830574,-0.779269521939155,-0.5401288648424349,-0.17022515745140482,1.0,0.0,0.0,0.0,0.0,0.0,0.0,1.0
1215,Ghosts of War,2020,0.47410076178830574,-0.7287104274268826,-0.4442415955742449,-0.17022515745140482,0.0,0.0,0.0,1.0,0.0,0.0,0.0,1.0
1220,Night in Paradise,2020,0.47410076178830574,-0.7287104274268826,-0.06069251850148466,-0.17022515745140482,0.0,0.0,1.0,0.0,0.0,0.0,0.0,1.0
1229,Nobody Sleeps in the Woods Tonight,2020,0.3985849417957775,-0.7287104274268826,1.5693910590577465,-0.17022515745140482,0.0,0.0,0.0,1.0,0.0,0.0,0.0,1.0
1239,"ariana grande: excuse me, i love you",2020,0.3985849417957775,-0.7287104274268826,1.7611655975941265,-0.17022515745140482,0.0,0.0,0.0,0.0,0.0,1.0,0.0,1.0
1254,The 8th Night,2021,0.3985849417957775,-0.779269521939155,-0.4442415955742449,-0.17022515745140482,0.0,0.0,0.0,1.0,0.0,0.0,0.0,1.0
1255,Time to Hunt,2020,0.3985849417957775,-0.7287104274268826,-0.5401288648424349,-0.17022515745140482,0.0,0.0,0.0,0.0,0.0,1.0,0.0,1.0
1256,The Soul,2021,0.3985849417957775,-0.779269521939155,-0.9236779419151953,-0.17022515745140482,0.0,0.0,1.0,0.0,0.0,0.0,0.0,1.0
1263,Vampires vs. the Bronx,2020,0.3985849417957775,-0.7287104274268826,0.4187438278394657,-0.17022515745140482,0.0,1.0,0.0,0.0,0.0,0.0,0.0,1.0
1267,Leslie Jones: Time Machine,2020,0.3985849417957775,-0.7287104274268826,0.8022929049122259,-0.17022515745140482,0.0,0.0,0.0,0.0,0.0,1.0,0.0,1.0
1269,Dragonheart: Vengeance,2020,0.3985849417957775,-0.7287104274268826,0.4187438278394657,-0.17022515745140482,0.0,1.0,0.0,0.0,0.0,0.0,0.0,1.0
1271,All Together Now,2020,0.3985849417957775,-0.7287104274268826,-0.1565797877696747,-0.17022515745140482,0.0,0.0,0.0,0.0,1.0,0.0,0.0,1.0
1276,Raat Akeli Hai,2020,0.3985849417957775,-0.7287104274268826,-0.34835432630605484,-0.17022515745140482,0.0,0.0,0.0,0.0,0.0,1.0,0.0,1.0
1279,The Present,2020,0.3985849417957775,-0.7287104274268826,-0.6360161341106251,-0.17022515745140482,0.0,1.0,0.0,0.0,0.0,0.0,0.0,1.0
1281,Unknown Origins,2020,0.3985849417957775,-0.7287104274268826,-0.2524670570378648,-0.17022515745140482,0.0,0.0,0.0,1.0,0.0,0.0,0.0,1.0
1282,The Sleepover,2020,0.3985849417957775,-0.7287104274268826,-0.4442415955742449,-0.17022515745140482,0.0,0.0,0.0,0.0,0.0,1.0,0.0,1.0
1294,365 Days,2020,0.3985849417957775,-0.7287104274268826,-0.9236779419151953,-0.17022515745140482,0.0,0.0,0.0,1.0,0.0,0.0,0.0,1.0
1302,The Lost Husband,2020,0.3985849417957775,-0.7287104274268826,-0.1565797877696747,-0.17022515745140482,0.0,1.0,0.0,0.0,0.0,0.0,0.0,1.0
1316,The Guide to the Perfect Family,2021,0.3985849417957775,-0.779269521939155,1.2817292512531762,-0.17022515745140482,0.0,0.0,0.0,0.0,0.0,1.0,0.0,1.0
1318,Nate Bargatze: The Greatest Average American,2021,0.3985849417957775,-0.779269521939155,2.5282637517396473,-0.17022515745140482,1.0,0.0,0.0,0.0,0.0,0.0,0.0,1.0
1319,Pagglait,2021,0.3985849417957775,-0.779269521939155,-0.9236779419151953,-0.17022515745140482,0.0,0.0,1.0,0.0,0.0,0.0,0.0,1.0
1321,Operation Varsity Blues: The College Admissions Scandal,2021,0.3985849417957775,-0.779269521939155,3.583023713689738,-0.17022515745140482,0.0,0.0,0.0,1.0,0.0,0.0,0.0,1.0
1346,Offering to the Storm,2020,0.32306912180324937,-0.7287104274268826,0.3228565585712756,-0.17022515745140482,0.0,0.0,0.0,1.0,0.0,0.0,0.0,1.0
1347,Ali & Ratu Ratu Queens,2021,0.32306912180324937,-0.779269521939155,0.4187438278394657,-0.17022515745140482,0.0,0.0,1.0,0.0,0.0,0.0,0.0,1.0
1348,Ultras,2020,0.32306912180324937,-0.7287104274268826,-1.1154524804515753,-0.17022515745140482,0.0,0.0,0.0,0.0,0.0,1.0,0.0,1.0
1356,The Crimes That Bind,2020,0.32306912180324937,-0.7287104274268826,0.22696928930308555,-0.17022515745140482,0.0,0.0,0.0,0.0,0.0,1.0,0.0,1.0
1358,Last Summer,2021,0.32306912180324937,-0.779269521939155,-0.6360161341106251,-0.17022515745140482,0.0,0.0,0.0,0.0,0.0,1.0,0.0,1.0
1361,The House of Flowers: The Movie,2021,0.32306912180324937,-0.779269521939155,1.2817292512531762,-0.17022515745140482,0.0,0.0,0.0,1.0,0.0,0.0,0.0,1.0
1363,Red,2021,0.32306912180324937,-0.779269521939155,-1.4031142882561456,-0.17022515745140482,0.0,0.0,1.0,0.0,0.0,0.0,0.0,1.0
1371,Crazy About Her,2021,0.32306912180324937,-0.779269521939155,-0.2524670570378648,-0.17022515745140482,0.0,0.0,0.0,1.0,0.0,0.0,0.0,1.0
1382,Coven,2020,0.32306912180324937,-0.7287104274268826,-1.2113397497197655,-0.17022515745140482,0.0,0.0,0.0,1.0,0.0,0.0,0.0,1.0
1383,New Gods: Nezha Reborn,2021,0.32306912180324937,-0.779269521939155,0.4187438278394657,-0.17022515745140482,0.0,1.0,0.0,0.0,0.0,0.0,0.0,1.0
1384,Why Did You Kill Me?,2021,0.32306912180324937,-0.779269521939155,0.22696928930308555,-0.17022515745140482,0.0,0.0,0.0,1.0,0.0,0.0,0.0,1.0
1397,Ashin of the North,2021,0.32306912180324937,-0.779269521939155,0.03519475076670541,-0.17022515745140482,0.0,0.0,0.0,1.0,0.0,0.0,0.0,1.0
1409,Sweet & Sour,2021,0.32306912180324937,-0.779269521939155,-0.5401288648424349,-0.17022515745140482,0.0,0.0,0.0,0.0,0.0,1.0,0.0,1.0
1411,Mucho Mucho Amor: The Legend of Walter Mercado,2020,0.32306912180324937,-0.7287104274268826,2.7200382902760274,-0.17022515745140482,0.0,0.0,1.0,0.0,0.0,0.0,0.0,1.0
1412,Sky Tour: The Movie,2020,0.32306912180324937,-0.7287104274268826,0.13108202003489547,-0.17022515745140482,0.0,0.0,0.0,0.0,0.0,1.0,0.0,1.0
1413,The Decline,2020,0.32306912180324937,-0.7287104274268826,-0.6360161341106251,-0.17022515745140482,0.0,0.0,0.0,1.0,0.0,0.0,0.0,1.0
1414,99 Songs,2021,0.32306912180324937,-0.779269521939155,-0.9236779419151953,-0.17022515745140482,0.0,0.0,0.0,0.0,0.0,1.0,0.0,1.0
1422,Canvas,2020,0.24755330181072113,-0.7287104274268826,-1.1154524804515753,-0.17022515745140482,1.0,0.0,0.0,0.0,0.0,0.0,0.0,1.0
1423,Eric Andre: Legalize Everything,2020,0.24755330181072113,-0.7287104274268826,1.2817292512531762,-0.17022515745140482,0.0,0.0,0.0,1.0,0.0,0.0,0.0,1.0
1426,The Disciple,2020,0.24755330181072113,-0.7287104274268826,-0.5401288648424349,-0.17022515745140482,0.0,0.0,0.0,0.0,0.0,1.0,0.0,1.0
1428,Mobile Suit Gundam: Hathaway,2021,0.24755330181072113,-0.779269521939155,0.9940674434486061,-0.17022515745140482,0.0,0.0,0.0,0.0,0.0,1.0,0.0,1.0
1431,Radium Girls,2020,0.24755330181072113,-0.7287104274268826,-0.5401288648424349,-0.17022515745140482,0.0,0.0,0.0,0.0,0.0,1.0,0.0,1.0
1434,"I Love You, Stupid",2020,0.24755330181072113,-0.7287104274268826,0.03519475076670541,-0.17022515745140482,0.0,0.0,0.0,1.0,0.0,0.0,0.0,1.0
1435,Ari Eldjárn: Pardon My Icelandic,2020,0.24755330181072113,-0.7287104274268826,1.3776165205213664,-0.17022515745140482,0.0,0.0,0.0,1.0,0.0,0.0,0.0,1.0
1442,Black Holes: The Edge of All We Know,2020,0.24755330181072113,-0.7287104274268826,1.7611655975941265,-0.17022515745140482,0.0,0.0,0.0,0.0,0.0,1.0,0.0,1.0
1447,Get the Goat,2021,0.24755330181072113,-0.779269521939155,-0.5401288648424349,-0.17022515745140482,0.0,1.0,0.0,0.0,0.0,0.0,0.0,1.0
1448,Bert Kreischer: Hey Big Boy,2020,0.24755330181072113,-0.7287104274268826,0.898180174180416,-0.17022515745140482,0.0,0.0,0.0,0.0,0.0,1.0,0.0,1.0
1460,Sentinelle,2021,0.24755330181072113,-0.779269521939155,-0.7319034033788151,-0.17022515745140482,0.0,0.0,0.0,0.0,0.0,1.0,0.0,1.0
1462,Fatima,2020,0.24755330181072113,-0.7287104274268826,-1.1154524804515753,-0.17022515745140482,0.0,1.0,0.0,0.0,0.0,0.0,0.0,1.0
1470,All My Friends Are Dead,2020,0.24755330181072113,-0.7287104274268826,0.5146310971076558,-0.17022515745140482,0.0,0.0,0.0,1.0,0.0,0.0,0.0,1.0
1477,LA Originals,2020,0.24755330181072113,-0.7287104274268826,-0.5401288648424349,-0.17022515745140482,0.0,0.0,0.0,0.0,0.0,1.0,0.0,1.0
1480,Adú,2020,0.24755330181072113,-0.7287104274268826,-1.4031142882561456,-0.17022515745140482,0.0,0.0,0.0,1.0,0.0,0.0,0.0,1.0
1489,Animal Crackers,2020,0.24755330181072113,-0.7287104274268826,-0.2524670570378648,-0.17022515745140482,0.0,0.0,0.0,0.0,1.0,0.0,0.0,1.0
1490,Forensic,2020,0.24755330181072113,-0.7287104274268826,-0.9236779419151953,-0.17022515745140482,0.0,0.0,0.0,0.0,0.0,1.0,0.0,1.0
1491,Marc Maron: End Times Fun,2020,0.24755330181072113,-0.7287104274268826,0.7064056356440359,-0.17022515745140482,0.0,0.0,0.0,0.0,0.0,1.0,0.0,1.0
1493,American Pie Presents: Girls' Rules,2020,0.24755330181072113,-0.7287104274268826,1.6652783283259365,-0.17022515745140482,0.0,0.0,0.0,1.0,0.0,0.0,0.0,1.0
1499,A California Christmas,2020,0.24755330181072113,-0.7287104274268826,0.4187438278394657,-0.17022515745140482,0.0,1.0,0.0,0.0,0.0,0.0,0.0,1.0
1502,Tremors: Shrieker Island,2020,0.24755330181072113,-0.7287104274268826,0.6105183663758458,-0.17022515745140482,0.0,1.0,0.0,0.0,0.0,0.0,0.0,1.0
1503,I Am Woman,2020,0.24755330181072113,-0.7287104274268826,-0.7319034033788151,-0.17022515745140482,0.0,0.0,0.0,1.0,0.0,0.0,0.0,1.0
1506,Desperados,2020,0.24755330181072113,-0.7287104274268826,-0.7319034033788151,-0.17022515745140482,0.0,0.0,0.0,1.0,0.0,0.0,0.0,1.0
1507,A Classic Horror Story,2021,0.24755330181072113,-0.779269521939155,0.4187438278394657,-0.17022515745140482,0.0,0.0,0.0,1.0,0.0,0.0,0.0,1.0
1508,Made You Look: A True Story About Fake Art,2020,0.24755330181072113,-0.7287104274268826,2.336489213203267,-0.17022515745140482,0.0,0.0,0.0,1.0,0.0,0.0,0.0,1.0
1511,Ben Platt: Live from Radio City Music Hall,2020,0.24755330181072113,-0.7287104274268826,2.336489213203267,-0.17022515745140482,0.0,0.0,0.0,0.0,1.0,0.0,0.0,1.0
1512,The Princess Switch: Switched Again,2020,0.24755330181072113,-0.7287104274268826,1.6652783283259365,-0.17022515745140482,1.0,0.0,0.0,0.0,0.0,0.0,0.0,1.0
1515,Ajeeb Daastaans,2021,0.24755330181072113,-0.779269521939155,-0.2524670570378648,-0.17022515745140482,0.0,0.0,0.0,0.0,0.0,1.0,0.0,1.0
1521,The Devil Below,2021,0.24755330181072113,-0.779269521939155,-0.2524670570378648,-0.17022515745140482,0.0,0.0,0.0,1.0,0.0,0.0,0.0,1.0
1535,What Lies Below,2020,0.17203748181819295,-0.7287104274268826,-0.2524670570378648,-0.17022515745140482,0.0,0.0,0.0,1.0,0.0,0.0,0.0,1.0
1536,Double World,2020,0.17203748181819295,-0.7287104274268826,-0.5401288648424349,-0.17022515745140482,0.0,0.0,0.0,0.0,0.0,1.0,0.0,1.0
1537,Kevin Hart: Zero F**ks Given,2020,0.17203748181819295,-0.7287104274268826,0.9940674434486061,-0.17022515745140482,0.0,0.0,0.0,1.0,0.0,0.0,0.0,1.0
1546,Guilty,2020,0.17203748181819295,-0.7287104274268826,-1.1154524804515753,-0.17022515745140482,0.0,0.0,0.0,0.0,0.0,1.0,0.0,1.0
1549,A Week Away,2021,0.17203748181819295,-0.779269521939155,-0.6360161341106251,-0.17022515745140482,0.0,0.0,0.0,1.0,0.0,0.0,0.0,1.0
1550,Tigertail,2020,0.17203748181819295,-0.7287104274268826,-0.8277906726470052,-0.17022515745140482,0.0,0.0,0.0,0.0,1.0,0.0,0.0,1.0
1555,Kappela,2020,0.17203748181819295,-0.7287104274268826,-1.0195652111833853,-0.17022515745140482,0.0,0.0,0.0,0.0,0.0,1.0,0.0,1.0
1556,Cuties,2020,0.17203748181819295,-0.7287104274268826,-1.1154524804515753,-0.17022515745140482,0.0,0.0,0.0,0.0,0.0,1.0,0.0,1.0
1557,Jim Jefferies: Intolerant,2020,0.17203748181819295,-0.7287104274268826,0.7064056356440359,-0.17022515745140482,0.0,0.0,0.0,1.0,0.0,0.0,0.0,1.0
1564,"Love, Guaranteed",2020,0.17203748181819295,-0.7287104274268826,-0.1565797877696747,-0.17022515745140482,0.0,0.0,0.0,0.0,0.0,1.0,0.0,1.0
1565,A Family,2021,0.17203748181819295,-0.779269521939155,-0.9236779419151953,-0.17022515745140482,0.0,0.0,0.0,0.0,0.0,1.0,0.0,1.0
1567,Cosmic Sin,2021,0.17203748181819295,-0.779269521939155,-0.7319034033788151,-0.17022515745140482,0.0,0.0,0.0,1.0,0.0,0.0,0.0,1.0
1572,Pretty Guardians Sailor Moon Eternal The MOVIE - Part 1,2021,0.17203748181819295,-0.779269521939155,3.583023713689738,-0.17022515745140482,0.0,0.0,0.0,0.0,0.0,1.0,0.0,1.0
1575,Cousins,2021,0.17203748181819295,-0.779269521939155,-1.0195652111833853,-0.17022515745140482,0.0,0.0,0.0,1.0,0.0,0.0,0.0,1.0
1577,Road to Roma,2020,0.17203748181819295,-0.7287104274268826,-0.5401288648424349,-0.17022515745140482,0.0,0.0,0.0,0.0,0.0,1.0,0.0,1.0
1587,Death of Me,2020,0.17203748181819295,-0.7287104274268826,-0.6360161341106251,-0.17022515745140482,0.0,0.0,0.0,1.0,0.0,0.0,0.0,1.0
1589,Words Bubble Up Like Soda Pop,2021,0.17203748181819295,-0.779269521939155,1.0899547127167961,-0.17022515745140482,0.0,0.0,0.0,0.0,0.0,1.0,0.0,1.0
1590,Dynasty Warriors,2021,0.17203748181819295,-0.779269521939155,-0.1565797877696747,-0.17022515745140482,0.0,0.0,0.0,0.0,0.0,1.0,0.0,1.0
1591,Coded Bias,2020,0.17203748181819295,-0.7287104274268826,-0.7319034033788151,-0.17022515745140482,0.0,0.0,0.0,0.0,0.0,1.0,0.0,1.0
1595,Dance of the 41,2020,0.17203748181819295,-0.7287104274268826,-0.2524670570378648,-0.17022515745140482,0.0,0.0,0.0,0.0,0.0,1.0,0.0,1.0
1601,Cadaver,2020,0.17203748181819295,-0.7287104274268826,-1.0195652111833853,-0.17022515745140482,0.0,0.0,0.0,1.0,0.0,0.0,0.0,1.0
1607,This Little Love of Mine,2021,0.17203748181819295,-0.779269521939155,0.6105183663758458,-0.17022515745140482,1.0,0.0,0.0,0.0,0.0,0.0,0.0,1.0
1612,Debt Collectors,2020,0.17203748181819295,-0.7287104274268826,-0.2524670570378648,-0.17022515745140482,0.0,0.0,0.0,1.0,0.0,0.0,0.0,1.0
1619,Bigfoot Family,2020,0.17203748181819295,-0.7287104274268826,-0.34835432630605484,-0.17022515745140482,0.0,0.0,0.0,0.0,1.0,0.0,0.0,1.0
1620,The Minimalists: Less Is Now,2021,0.17203748181819295,-0.779269521939155,0.9940674434486061,-0.17022515745140482,0.0,0.0,0.0,0.0,0.0,1.0,0.0,1.0
1623,Rich in Love,2020,0.17203748181819295,-0.7287104274268826,-0.5401288648424349,-0.17022515745140482,0.0,0.0,0.0,0.0,0.0,1.0,0.0,1.0
1624,Deep,2021,0.17203748181819295,-0.779269521939155,-1.3072270189879556,-0.17022515745140482,0.0,0.0,0.0,1.0,0.0,0.0,0.0,1.0
1625,Biking Borders - eine etwas andere Reise,2021,0.17203748181819295,-0.779269521939155,2.144714674666887,-0.17022515745140482,0.0,0.0,0.0,0.0,0.0,1.0,0.0,1.0
1626,Ghost Lab,2021,0.17203748181819295,-0.779269521939155,-0.8277906726470052,-0.17022515745140482,0.0,0.0,0.0,1.0,0.0,0.0,0.0,1.0
1627,Uppity: The Willy T. Ribbs Story,2020,0.17203748181819295,-0.7287104274268826,1.3776165205213664,-0.17022515745140482,0.0,0.0,0.0,0.0,0.0,1.0,0.0,1.0
1631,A Perfect Fit,2021,0.17203748181819295,-0.779269521939155,-0.4442415955742449,-0.17022515745140482,0.0,0.0,0.0,0.0,0.0,1.0,0.0,1.0
1633,Jiu Jitsu,2020,0.17203748181819295,-0.7287104274268826,-0.8277906726470052,-0.17022515745140482,0.0,0.0,0.0,1.0,0.0,0.0,0.0,1.0
1650,Prime Time,2021,0.09652166182566474,-0.779269521939155,-0.7319034033788151,-0.17022515745140482,0.0,0.0,0.0,1.0,0.0,0.0,0.0,1.0
1664,Baggio: The Divine Ponytail,2021,0.09652166182566474,-0.779269521939155,0.898180174180416,-0.17022515745140482,0.0,0.0,1.0,0.0,0.0,0.0,0.0,1.0
1671,Hating Peter Tatchell,2020,0.09652166182566474,-0.7287104274268826,0.3228565585712756,-0.17022515745140482,0.0,0.0,0.0,0.0,0.0,1.0,0.0,1.0
1675,MOTHER,2020,0.09652166182566474,-0.7287104274268826,-1.1154524804515753,5.431730024131194,0.0,0.0,0.0,0.0,0.0,1.0,1.0,0.0
1687,The Girl on the Train,2021,0.09652166182566474,-0.779269521939155,0.3228565585712756,-0.17022515745140482,0.0,0.0,0.0,1.0,0.0,0.0,0.0,1.0
1691,Monsoon,2020,0.09652166182566474,-0.7287104274268826,-1.0195652111833853,-0.17022515745140482,0.0,0.0,0.0,0.0,0.0,1.0,0.0,1.0
1696,Rurouni Kenshin: The Beginning,2021,0.09652166182566474,-0.779269521939155,1.1858419819849861,-0.17022515745140482,0.0,0.0,0.0,0.0,0.0,1.0,0.0,1.0
1697,One,2021,0.09652166182566474,-0.779269521939155,-1.4031142882561456,-0.17022515745140482,0.0,0.0,0.0,0.0,0.0,1.0,0.0,1.0
1702,Uma Maheswara Ugra Roopasya,2020,0.09652166182566474,-0.7287104274268826,0.898180174180416,-0.17022515745140482,0.0,0.0,0.0,0.0,0.0,1.0,0.0,1.0
1706,Residue,2020,0.09652166182566474,-0.7287104274268826,-1.0195652111833853,-0.17022515745140482,0.0,0.0,0.0,0.0,0.0,1.0,0.0,1.0
1707,Dancing Queens,2021,0.09652166182566474,-0.779269521939155,-0.34835432630605484,-0.17022515745140482,0.0,0.0,0.0,0.0,0.0,1.0,0.0,1.0
1723,Dave Chappelle: The Kennedy Center Mark Twain Prize,2020,0.09652166182566474,-0.7287104274268826,3.1994746366169777,-0.17022515745140482,0.0,0.0,0.0,1.0,0.0,0.0,0.0,1.0
1725,The Stand In,2020,0.09652166182566474,-0.7287104274268826,-0.5401288648424349,-0.17022515745140482,0.0,0.0,0.0,1.0,0.0,0.0,0.0,1.0
1726,Fan Girl,2020,0.09652166182566474,-0.7287104274268826,-0.9236779419151953,-0.17022515745140482,0.0,0.0,0.0,0.0,0.0,1.0,0.0,1.0
1738,Madame Claude,2021,0.09652166182566474,-0.779269521939155,-0.4442415955742449,-0.17022515745140482,0.0,0.0,0.0,1.0,0.0,0.0,0.0,1.0
1744,Have You Ever Seen Fireflies?,2021,0.09652166182566474,-0.779269521939155,1.0899547127167961,-0.17022515745140482,0.0,0.0,1.0,0.0,0.0,0.0,0.0,1.0
1757,Mariposa,2020,0.021005841833136533,-0.7287104274268826,-0.9236779419151953,-0.17022515745140482,0.0,0.0,0.0,0.0,0.0,1.0,0.0,1.0
1764,Torbaaz,2020,0.021005841833136533,-0.7287104274268826,-1.0195652111833853,-0.17022515745140482,0.0,0.0,0.0,1.0,0.0,0.0,0.0,1.0
1765,Kannum Kannum Kollaiyadithaal,2020,0.021005841833136533,-0.7287104274268826,1.0899547127167961,-0.17022515745140482,0.0,0.0,0.0,0.0,0.0,1.0,0.0,1.0
1775,Psycho,2020,0.021005841833136533,-0.7287104274268826,-1.1154524804515753,-0.17022515745140482,0.0,0.0,0.0,1.0,0.0,0.0,0.0,1.0
1778,In Our Mothers' Gardens,2021,0.021005841833136533,-0.779269521939155,0.5146310971076558,-0.17022515745140482,0.0,0.0,0.0,0.0,0.0,1.0,0.0,1.0
1782,We Can Be Heroes,2020,0.021005841833136533,-0.7287104274268826,-0.1565797877696747,-0.17022515745140482,0.0,0.0,0.0,0.0,1.0,0.0,0.0,1.0
1789,Caught by a Wave,2021,0.021005841833136533,-0.779269521939155,-0.1565797877696747,-0.17022515745140482,0.0,0.0,1.0,0.0,0.0,0.0,0.0,1.0
1795,The Block Island Sound,2020,0.021005841833136533,-0.7287104274268826,0.4187438278394657,-0.17022515745140482,0.0,0.0,0.0,0.0,0.0,1.0,0.0,1.0
1797,Classmates Minus,2020,0.021005841833136533,-0.7287104274268826,-0.1565797877696747,-0.17022515745140482,0.0,0.0,0.0,0.0,0.0,1.0,0.0,1.0
1808,Freaks – You're One of Us,2020,0.021005841833136533,-0.7287104274268826,0.7064056356440359,-0.17022515745140482,0.0,0.0,0.0,1.0,0.0,0.0,0.0,1.0
1810,Little Big Women,2020,0.021005841833136533,-0.7287104274268826,-0.1565797877696747,-0.17022515745140482,0.0,0.0,0.0,0.0,0.0,1.0,0.0,1.0
1820,Irul,2021,0.021005841833136533,-0.779269521939155,-1.3072270189879556,-0.17022515745140482,0.0,0.0,0.0,0.0,0.0,1.0,0.0,1.0
1821,Only,2020,0.021005841833136533,-0.7287104274268826,-1.3072270189879556,-0.17022515745140482,1.0,0.0,0.0,0.0,0.0,0.0,0.0,1.0
1826,Héroes. Silencio y Rock & Roll,2021,0.021005841833136533,-0.779269521939155,1.1858419819849861,-0.17022515745140482,0.0,0.0,0.0,0.0,0.0,1.0,0.0,1.0
1830,My Amanda,2021,0.021005841833136533,-0.779269521939155,-0.8277906726470052,-0.17022515745140482,0.0,0.0,0.0,0.0,0.0,1.0,0.0,1.0
1832,Serious Men,2020,0.021005841833136533,-0.7287104274268826,-0.6360161341106251,-0.17022515745140482,0.0,0.0,0.0,0.0,0.0,1.0,0.0,1.0
1834,The Yin-Yang Master: Dream of Eternity,2020,0.021005841833136533,-0.7287104274268826,1.9529401361305068,-0.17022515745140482,0.0,0.0,0.0,0.0,0.0,1.0,0.0,1.0
1843,Accomplice,2021,-0.05450997815939167,-0.779269521939155,-0.7319034033788151,-0.17022515745140482,0.0,0.0,0.0,0.0,0.0,1.0,0.0,1.0
1846,Homunculus,2021,-0.05450997815939167,-0.779269521939155,-0.7319034033788151,-0.17022515745140482,0.0,0.0,0.0,0.0,0.0,1.0,0.0,1.0
1860,Yeh Ballet,2020,-0.05450997815939167,-0.7287104274268826,-0.7319034033788151,-0.17022515745140482,0.0,1.0,0.0,0.0,0.0,0.0,0.0,1.0
1861,Tony Parker: The Final Shot,2021,-0.05450997815939167,-0.779269521939155,0.898180174180416,-0.17022515745140482,0.0,0.0,0.0,0.0,0.0,1.0,0.0,1.0
1862,Cut Throat City,2020,-0.05450997815939167,-0.7287104274268826,-0.2524670570378648,-0.17022515745140482,0.0,0.0,0.0,1.0,0.0,0.0,0.0,1.0
1863,Anelka: Misunderstood,2020,-0.05450997815939167,-0.7287104274268826,0.3228565585712756,-0.17022515745140482,0.0,0.0,1.0,0.0,0.0,0.0,0.0,1.0
1867,And Tomorrow the Entire World,2020,-0.05450997815939167,-0.7287104274268826,1.0899547127167961,-0.17022515745140482,0.0,0.0,0.0,0.0,0.0,1.0,0.0,1.0
1869,Rising High,2020,-0.05450997815939167,-0.7287104274268826,-0.6360161341106251,-0.17022515745140482,0.0,0.0,0.0,0.0,0.0,1.0,0.0,1.0
1871,One Day We'll Talk About Today,2020,-0.05450997815939167,-0.7287104274268826,1.1858419819849861,-0.17022515745140482,1.0,0.0,0.0,0.0,0.0,0.0,0.0,1.0
1883,Bheeshma,2020,-0.05450997815939167,-0.7287104274268826,-0.9236779419151953,-0.17022515745140482,0.0,0.0,0.0,0.0,0.0,1.0,0.0,1.0
1886,Stuck Apart,2021,-0.05450997815939167,-0.779269521939155,-0.6360161341106251,-0.17022515745140482,0.0,0.0,0.0,0.0,0.0,1.0,0.0,1.0
1889,Ginny Weds Sunny,2020,-0.05450997815939167,-0.7287104274268826,-0.1565797877696747,-0.17022515745140482,0.0,0.0,0.0,0.0,0.0,1.0,0.0,1.0
1892,Just Another Christmas,2020,-0.05450997815939167,-0.7287104274268826,0.4187438278394657,-0.17022515745140482,0.0,0.0,0.0,0.0,0.0,1.0,0.0,1.0
1894,Class of '83,2020,-0.05450997815939167,-0.7287104274268826,-0.5401288648424349,-0.17022515745140482,0.0,0.0,1.0,0.0,0.0,0.0,0.0,1.0
1898,Wild Dog,2021,-0.05450997815939167,-0.779269521939155,-0.9236779419151953,-0.17022515745140482,0.0,0.0,0.0,1.0,0.0,0.0,0.0,1.0
1899,Dolly Parton's Christmas on the Square,2020,-0.05450997815939167,-0.7287104274268826,1.9529401361305068,-0.17022515745140482,0.0,0.0,0.0,0.0,1.0,0.0,0.0,1.0
1901,John Was Trying to Contact Aliens,2020,-0.05450997815939167,-0.7287104274268826,1.4735037897895564,-0.17022515745140482,0.0,0.0,0.0,0.0,0.0,1.0,0.0,1.0
1907,Carmen Sandiego: To Steal or Not to Steal,2020,-0.05450997815939167,-0.7287104274268826,2.240601943935077,-0.17022515745140482,0.0,0.0,0.0,0.0,1.0,0.0,0.0,1.0
1911,Funny Boy,2020,-0.05450997815939167,-0.7287104274268826,-0.8277906726470052,-0.17022515745140482,0.0,0.0,0.0,0.0,0.0,1.0,0.0,1.0
1914,Father Soldier Son,2020,-0.05450997815939167,-0.7287104274268826,0.03519475076670541,-0.17022515745140482,0.0,0.0,0.0,1.0,0.0,0.0,0.0,1.0
1919,Varane Avashyamund,2020,-0.05450997815939167,-0.7287104274268826,0.03519475076670541,-0.17022515745140482,0.0,0.0,0.0,0.0,0.0,1.0,0.0,1.0
1920,Every Time I Die,2020,-0.05450997815939167,-0.7287104274268826,-0.1565797877696747,-0.17022515745140482,0.0,0.0,0.0,0.0,0.0,1.0,0.0,1.0
1922,Eeb Allay Ooo!,2020,-0.05450997815939167,-0.7287104274268826,-0.34835432630605484,-0.17022515745140482,0.0,0.0,0.0,0.0,0.0,1.0,0.0,1.0
1929,Hard Kill,2020,-0.05450997815939167,-0.7287104274268826,-0.8277906726470052,-0.17022515745140482,0.0,0.0,0.0,1.0,0.0,0.0,0.0,1.0
1931,One-Way to Tomorrow,2020,-0.05450997815939167,-0.7287104274268826,0.13108202003489547,-0.17022515745140482,0.0,0.0,0.0,1.0,0.0,0.0,0.0,1.0
1932,Villain,2020,-0.13002579815191986,-0.7287104274268826,-1.0195652111833853,-0.17022515745140482,0.0,0.0,0.0,1.0,0.0,0.0,0.0,1.0
1936,Chris D'Elia: No Pain,2020,-0.13002579815191986,-0.7287104274268826,0.3228565585712756,-0.17022515745140482,0.0,0.0,0.0,0.0,0.0,1.0,0.0,1.0
1939,Midnight at the Magnolia,2020,-0.13002579815191986,-0.7287104274268826,0.6105183663758458,-0.17022515745140482,1.0,0.0,0.0,0.0,0.0,0.0,0.0,1.0
1949,The Yinyang Master,2021,-0.13002579815191986,-0.779269521939155,0.03519475076670541,-0.17022515745140482,0.0,0.0,0.0,0.0,0.0,1.0,0.0,1.0
1950,Shine Your Eyes,2020,-0.13002579815191986,-0.7287104274268826,-0.2524670570378648,-0.17022515745140482,0.0,0.0,0.0,0.0,0.0,1.0,0.0,1.0
1951,Uppena,2021,-0.13002579815191986,-0.779269521939155,-1.1154524804515753,-0.17022515745140482,0.0,0.0,0.0,0.0,0.0,1.0,0.0,1.0
1957,The Boss Baby: Get That Baby!,2020,-0.13002579815191986,-0.7287104274268826,1.0899547127167961,-0.17022515745140482,0.0,0.0,0.0,0.0,0.0,1.0,0.0,1.0
1961,Murder to Mercy: The Cyntoia Brown Story,2020,-0.13002579815191986,-0.7287104274268826,2.144714674666887,-0.17022515745140482,0.0,0.0,0.0,0.0,0.0,1.0,0.0,1.0
1963,Carnaval,2021,-0.13002579815191986,-0.779269521939155,-0.9236779419151953,-0.17022515745140482,0.0,0.0,0.0,0.0,0.0,1.0,0.0,1.0
1975,Love Wedding Repeat,2020,-0.13002579815191986,-0.7287104274268826,0.13108202003489547,-0.17022515745140482,0.0,0.0,0.0,1.0,0.0,0.0,0.0,1.0
1983,Arlo the Alligator Boy,2021,-0.13002579815191986,-0.779269521939155,0.4187438278394657,-0.17022515745140482,0.0,0.0,0.0,0.0,1.0,0.0,0.0,1.0
1988,Vir Das: For India,2020,-0.13002579815191986,-0.7287104274268826,0.03519475076670541,-0.17022515745140482,0.0,0.0,0.0,1.0,0.0,0.0,0.0,1.0
1989,Ride or Die,2021,-0.13002579815191986,-0.779269521939155,-0.6360161341106251,-0.17022515745140482,0.0,0.0,0.0,1.0,0.0,0.0,0.0,1.0
1993,Super Me,2021,-0.13002579815191986,-0.779269521939155,-0.9236779419151953,-0.17022515745140482,0.0,0.0,0.0,0.0,0.0,1.0,0.0,1.0
2001,A New York Christmas Wedding,2020,-0.13002579815191986,-0.7287104274268826,0.9940674434486061,-0.17022515745140482,0.0,0.0,0.0,1.0,0.0,0.0,0.0,1.0
2007,The Unknown Saint,2020,-0.13002579815191986,-0.7287104274268826,-0.06069251850148466,-0.17022515745140482,0.0,0.0,0.0,0.0,0.0,1.0,0.0,1.0
2015,Creating an Army of the Dead,2021,-0.13002579815191986,-0.779269521939155,0.9940674434486061,-0.17022515745140482,0.0,0.0,0.0,1.0,0.0,0.0,0.0,1.0
2017,Just Say Yes,2021,-0.13002579815191986,-0.779269521939155,-0.5401288648424349,-0.17022515745140482,0.0,0.0,0.0,0.0,0.0,1.0,0.0,1.0
2019,The Strange House,2020,-0.13002579815191986,-0.7287104274268826,-0.06069251850148466,-0.17022515745140482,0.0,0.0,0.0,1.0,0.0,0.0,0.0,1.0
2023,The 2nd,2020,-0.13002579815191986,-0.7287104274268826,-1.0195652111833853,-0.17022515745140482,0.0,0.0,1.0,0.0,0.0,0.0,0.0,1.0
2024,Welcome to Sudden Death,2020,-0.13002579815191986,-0.7287104274268826,0.5146310971076558,-0.17022515745140482,0.0,0.0,0.0,1.0,0.0,0.0,0.0,1.0
2026,Fortune Feimster: Sweet & Salty,2020,-0.13002579815191986,-0.7287104274268826,1.2817292512531762,-0.17022515745140482,0.0,0.0,0.0,0.0,0.0,1.0,0.0,1.0
2030,Sky High,2020,-0.20554161814444807,-0.7287104274268826,-0.9236779419151953,5.431730024131194,0.0,0.0,0.0,0.0,0.0,1.0,1.0,0.0
2034,Wish You,2021,-0.20554161814444807,-0.779269521939155,-0.9236779419151953,-0.17022515745140482,0.0,0.0,0.0,0.0,0.0,1.0,0.0,1.0
2035,A Life of Speed: The Juan Manuel Fangio Story,2020,-0.20554161814444807,-0.7287104274268826,2.624151021007837,-0.17022515745140482,0.0,0.0,0.0,0.0,0.0,1.0,0.0,1.0
2046,Jungle Beat: The Movie,2020,-0.20554161814444807,-0.7287104274268826,0.4187438278394657,-0.17022515745140482,1.0,0.0,0.0,0.0,0.0,0.0,0.0,1.0
2050,What We Wanted,2020,-0.20554161814444807,-0.7287104274268826,-0.34835432630605484,-0.17022515745140482,0.0,0.0,0.0,1.0,0.0,0.0,0.0,1.0
2052,Michael McIntyre: Showman,2020,-0.20554161814444807,-0.7287104274268826,0.7064056356440359,-0.17022515745140482,0.0,0.0,0.0,1.0,0.0,0.0,0.0,1.0
2062,Lady Driver,2020,-0.20554161814444807,-0.7287104274268826,-0.6360161341106251,-0.17022515745140482,0.0,0.0,0.0,0.0,1.0,0.0,0.0,1.0
2063,Sarah Cooper: Everything's Fine,2020,-0.20554161814444807,-0.7287104274268826,1.2817292512531762,-0.17022515745140482,0.0,0.0,0.0,1.0,0.0,0.0,0.0,1.0
2069,Hate by Dani Rovira,2021,-0.20554161814444807,-0.779269521939155,0.13108202003489547,-0.17022515745140482,0.0,0.0,0.0,0.0,0.0,1.0,0.0,1.0
2072,Guest House,2020,-0.20554161814444807,-0.7287104274268826,-0.6360161341106251,-0.17022515745140482,0.0,0.0,0.0,1.0,0.0,0.0,0.0,1.0
2073,Squared Love,2021,-0.20554161814444807,-0.779269521939155,-0.5401288648424349,-0.17022515745140482,0.0,1.0,0.0,0.0,0.0,0.0,0.0,1.0
2079,Private Network: Who Killed Manuel Buendia,2021,-0.20554161814444807,-0.779269521939155,2.336489213203267,-0.17022515745140482,0.0,0.0,0.0,0.0,0.0,1.0,0.0,1.0
2081,Kilometers and Kilometers,2020,-0.20554161814444807,-0.7287104274268826,0.7064056356440359,-0.17022515745140482,0.0,0.0,0.0,0.0,0.0,1.0,0.0,1.0
2082,Tom Papa: You're Doing Great!,2020,-0.20554161814444807,-0.7287104274268826,1.0899547127167961,-0.17022515745140482,0.0,0.0,0.0,0.0,0.0,1.0,0.0,1.0
2084,Black Beach,2020,-0.20554161814444807,-0.7287104274268826,-0.6360161341106251,-0.17022515745140482,0.0,0.0,0.0,1.0,0.0,0.0,0.0,1.0
2086,Roped,2020,-0.20554161814444807,-0.7287104274268826,-1.2113397497197655,-0.17022515745140482,0.0,0.0,0.0,0.0,1.0,0.0,0.0,1.0
2091,Brian Regan: On the Rocks,2021,-0.20554161814444807,-0.779269521939155,0.7064056356440359,-0.17022515745140482,0.0,0.0,0.0,0.0,0.0,1.0,0.0,1.0
2095,7 Yards: The Chris Norton Story,2021,-0.20554161814444807,-0.779269521939155,1.2817292512531762,-0.17022515745140482,0.0,0.0,0.0,0.0,0.0,1.0,0.0,1.0
2098,Masameer: The Movie,2020,-0.20554161814444807,-0.7287104274268826,0.13108202003489547,-0.17022515745140482,0.0,0.0,0.0,0.0,0.0,1.0,0.0,1.0
2099,DNA,2020,-0.20554161814444807,-0.7287104274268826,-1.4031142882561456,-0.17022515745140482,0.0,0.0,0.0,1.0,0.0,0.0,0.0,1.0
2108,Love Aaj Kal,2020,-0.20554161814444807,-0.7287104274268826,-0.5401288648424349,-0.17022515745140482,0.0,0.0,0.0,0.0,0.0,1.0,0.0,1.0
2111,Sam Jay: 3 in the Morning,2020,-0.20554161814444807,-0.7287104274268826,0.7064056356440359,-0.17022515745140482,0.0,0.0,0.0,0.0,0.0,1.0,0.0,1.0
2114,Audible,2021,-0.20554161814444807,-0.779269521939155,-1.0195652111833853,-0.17022515745140482,0.0,1.0,0.0,0.0,0.0,0.0,0.0,1.0
2115,Bartkowiak,2021,-0.20554161814444807,-0.779269521939155,-0.7319034033788151,-0.17022515745140482,0.0,0.0,0.0,1.0,0.0,0.0,0.0,1.0
2125,The Main Event,2020,-0.20554161814444807,-0.7287104274268826,-0.34835432630605484,-0.17022515745140482,0.0,0.0,0.0,0.0,0.0,1.0,0.0,1.0
2129,Chaman Bahar,2020,-0.20554161814444807,-0.7287104274268826,-0.5401288648424349,-0.17022515745140482,0.0,0.0,0.0,0.0,0.0,1.0,0.0,1.0
2137,Coffee & Kareem,2020,-0.20554161814444807,-0.7287104274268826,-0.2524670570378648,-0.17022515745140482,0.0,0.0,0.0,1.0,0.0,0.0,0.0,1.0
2148,Headspace: Unwind Your Mind,2021,-0.28105743813697626,-0.779269521939155,0.898180174180416,-0.17022515745140482,1.0,0.0,0.0,0.0,0.0,0.0,0.0,1.0
2153,Double Dad,2021,-0.28105743813697626,-0.779269521939155,-0.7319034033788151,-0.17022515745140482,0.0,0.0,0.0,0.0,0.0,1.0,0.0,1.0
2160,Trippin’ with the Kandasamys,2021,-0.28105743813697626,-0.779269521939155,0.9940674434486061,-0.17022515745140482,0.0,0.0,0.0,0.0,0.0,1.0,0.0,1.0
2166,The Bridge Curse,2020,-0.28105743813697626,-0.7287104274268826,-0.1565797877696747,-0.17022515745140482,0.0,0.0,0.0,0.0,0.0,1.0,0.0,1.0
2170,Deadly Illusions,2021,-0.28105743813697626,-0.779269521939155,-0.1565797877696747,-0.17022515745140482,0.0,0.0,0.0,0.0,0.0,1.0,0.0,1.0
2173,Door Ke Darshan,2020,-0.28105743813697626,-0.7287104274268826,-0.2524670570378648,5.431730024131194,0.0,0.0,0.0,0.0,0.0,1.0,1.0,0.0
2177,Michelle Buteau: Welcome to Buteaupia,2020,-0.28105743813697626,-0.7287104274268826,1.8570528668623167,-0.17022515745140482,0.0,0.0,0.0,1.0,0.0,0.0,0.0,1.0
2194,Angela's Christmas Wish,2020,-0.28105743813697626,-0.7287104274268826,0.5146310971076558,-0.17022515745140482,0.0,0.0,0.0,0.0,0.0,1.0,0.0,1.0
2198,Seriously Single,2020,-0.28105743813697626,-0.7287104274268826,-0.1565797877696747,-0.17022515745140482,0.0,0.0,0.0,1.0,0.0,0.0,0.0,1.0
2204,The Tambour of Retribution,2021,-0.28105743813697626,-0.779269521939155,0.8022929049122259,-0.17022515745140482,0.0,0.0,0.0,0.0,0.0,1.0,0.0,1.0
2212,Cops and Robbers,2020,-0.28105743813697626,-0.7287104274268826,-0.1565797877696747,-0.17022515745140482,0.0,1.0,0.0,0.0,0.0,0.0,0.0,1.0
2213,Sitting in Limbo,2020,-0.28105743813697626,-0.7287104274268826,-0.1565797877696747,-0.17022515745140482,0.0,0.0,0.0,0.0,0.0,1.0,0.0,1.0
2216,Asphalt Burning,2020,-0.28105743813697626,-0.7287104274268826,-0.2524670570378648,-0.17022515745140482,0.0,0.0,1.0,0.0,0.0,0.0,0.0,1.0
2218,Friendsgiving,2020,-0.28105743813697626,-0.7287104274268826,-0.4442415955742449,-0.17022515745140482,0.0,0.0,0.0,1.0,0.0,0.0,0.0,1.0
2228,Poeslief: een ode aan de kat,2021,-0.28105743813697626,-0.779269521939155,0.9940674434486061,-0.17022515745140482,0.0,0.0,0.0,0.0,0.0,1.0,0.0,1.0
2233,Tragic Jungle,2020,-0.28105743813697626,-0.7287104274268826,-0.4442415955742449,-0.17022515745140482,0.0,0.0,0.0,0.0,0.0,1.0,0.0,1.0
2234,The Beast,2020,-0.28105743813697626,-0.7287104274268826,-0.8277906726470052,-0.17022515745140482,0.0,0.0,0.0,0.0,0.0,1.0,0.0,1.0
2239,Intuition,2020,-0.28105743813697626,-0.7287104274268826,-0.8277906726470052,-0.17022515745140482,0.0,0.0,0.0,1.0,0.0,0.0,0.0,1.0
2242,The Stand at Paxton County,2020,-0.28105743813697626,-0.7287104274268826,0.8022929049122259,-0.17022515745140482,0.0,0.0,0.0,1.0,0.0,0.0,0.0,1.0
2258,Roohi,2021,-0.28105743813697626,-0.779269521939155,-1.2113397497197655,-0.17022515745140482,0.0,0.0,0.0,0.0,0.0,1.0,0.0,1.0
2260,Born to Play,2020,-0.35657325812950447,-0.7287104274268826,-0.5401288648424349,5.431730024131194,0.0,0.0,0.0,0.0,0.0,1.0,1.0,0.0
2263,Family Seductions,2021,-0.35657325812950447,-0.779269521939155,-0.06069251850148466,-0.17022515745140482,0.0,0.0,0.0,0.0,0.0,1.0,0.0,1.0
2269,Milkwater,2020,-0.35657325812950447,-0.7287104274268826,-0.8277906726470052,-0.17022515745140482,0.0,0.0,0.0,0.0,0.0,1.0,0.0,1.0
2276,Layla Majnun,2021,-0.35657325812950447,-0.779269521939155,-0.5401288648424349,-0.17022515745140482,0.0,0.0,1.0,0.0,0.0,0.0,0.0,1.0
2282,Amy Tan: Unintended Memoir,2021,-0.35657325812950447,-0.779269521939155,0.8022929049122259,-0.17022515745140482,0.0,0.0,0.0,0.0,0.0,1.0,0.0,1.0
2285,Picture a Scientist,2020,-0.35657325812950447,-0.7287104274268826,0.13108202003489547,-0.17022515745140482,0.0,1.0,0.0,0.0,0.0,0.0,0.0,1.0
2295,African America,2021,-0.35657325812950447,-0.779269521939155,-0.2524670570378648,-0.17022515745140482,0.0,0.0,0.0,0.0,0.0,1.0,0.0,1.0
2303,"Strip Down, Rise Up",2021,-0.35657325812950447,-0.779269521939155,0.13108202003489547,-0.17022515745140482,0.0,0.0,0.0,1.0,0.0,0.0,0.0,1.0
2304,Shawn Mendes: In Wonder,2020,-0.35657325812950447,-0.7287104274268826,0.5146310971076558,-0.17022515745140482,0.0,0.0,0.0,1.0,0.0,0.0,0.0,1.0
2316,What Would Sophia Loren Do?,2021,-0.35657325812950447,-0.779269521939155,0.898180174180416,-0.17022515745140482,0.0,0.0,0.0,0.0,0.0,1.0,0.0,1.0
2322,Ahaan,2021,-0.35657325812950447,-0.779269521939155,-1.2113397497197655,-0.17022515745140482,0.0,0.0,0.0,0.0,0.0,1.0,0.0,1.0
2325,Citation,2020,-0.35657325812950447,-0.7287104274268826,-0.9236779419151953,-0.17022515745140482,0.0,0.0,0.0,0.0,0.0,1.0,0.0,1.0
2329,Bankrolled,2021,-0.35657325812950447,-0.779269521939155,-0.7319034033788151,-0.17022515745140482,0.0,0.0,0.0,0.0,0.0,1.0,0.0,1.0
2333,Love or Money,2021,-0.35657325812950447,-0.779269521939155,-0.4442415955742449,-0.17022515745140482,0.0,0.0,0.0,0.0,0.0,1.0,0.0,1.0
2338,Making the Witcher,2020,-0.35657325812950447,-0.7287104274268826,0.03519475076670541,-0.17022515745140482,0.0,0.0,0.0,0.0,0.0,1.0,0.0,1.0
2345,Aelay,2021,-0.35657325812950447,-0.779269521939155,-1.2113397497197655,-0.17022515745140482,0.0,0.0,0.0,0.0,0.0,1.0,0.0,1.0
2346,Care Of Kaadhal,2021,-0.35657325812950447,-0.779269521939155,-0.2524670570378648,-0.17022515745140482,0.0,0.0,0.0,0.0,0.0,1.0,0.0,1.0
2350,Alien Xmas,2020,-0.35657325812950447,-0.7287104274268826,-0.7319034033788151,-0.17022515745140482,0.0,0.0,0.0,0.0,0.0,1.0,0.0,1.0
2352,World Famous Lover,2020,-0.35657325812950447,-0.7287104274268826,0.03519475076670541,-0.17022515745140482,0.0,0.0,0.0,0.0,0.0,1.0,0.0,1.0
2353,Under the Riccione Sun,2020,-0.35657325812950447,-0.7287104274268826,0.4187438278394657,-0.17022515745140482,0.0,0.0,0.0,1.0,0.0,0.0,0.0,1.0
2362,Dolly Parton: A MusiCares Tribute,2021,-0.35657325812950447,-0.779269521939155,1.4735037897895564,-0.17022515745140482,0.0,0.0,0.0,0.0,1.0,0.0,0.0,1.0
2364,Maska,2020,-0.35657325812950447,-0.7287104274268826,-1.2113397497197655,5.431730024131194,0.0,0.0,0.0,0.0,0.0,1.0,1.0,0.0
2369,Barbie: Princess Adventure,2020,-0.35657325812950447,-0.7287104274268826,0.8022929049122259,-0.17022515745140482,1.0,0.0,0.0,0.0,0.0,0.0,0.0,1.0
2374,Sam Smith: Love Goes - Live at Abbey Road Studios,2021,-0.4320890781220327,-0.779269521939155,3.0077000980805972,-0.17022515745140482,0.0,0.0,0.0,0.0,0.0,1.0,0.0,1.0
2381,Get the Grift,2021,-0.4320890781220327,-0.779269521939155,-0.4442415955742449,-0.17022515745140482,0.0,0.0,0.0,0.0,0.0,1.0,0.0,1.0
2382,The F**k-It List,2020,-0.4320890781220327,-0.7287104274268826,-0.1565797877696747,-0.17022515745140482,0.0,0.0,0.0,1.0,0.0,0.0,0.0,1.0
2383,The Last Paradiso,2021,-0.4320890781220327,-0.779269521939155,-0.06069251850148466,-0.17022515745140482,0.0,0.0,0.0,0.0,0.0,1.0,0.0,1.0
2386,Namaste Wahala,2020,-0.4320890781220327,-0.7287104274268826,-0.34835432630605484,-0.17022515745140482,0.0,0.0,0.0,0.0,0.0,1.0,0.0,1.0
2388,"Yours Sincerely, Kanan Gill",2020,-0.4320890781220327,-0.7287104274268826,0.898180174180416,-0.17022515745140482,0.0,0.0,0.0,1.0,0.0,0.0,0.0,1.0
2389,Tribhanga,2021,-0.4320890781220327,-0.779269521939155,-0.8277906726470052,-0.17022515745140482,0.0,0.0,0.0,0.0,0.0,1.0,0.0,1.0
2392,Mrs. Serial Killer,2020,-0.4320890781220327,-0.7287104274268826,0.03519475076670541,-0.17022515745140482,0.0,0.0,0.0,0.0,0.0,1.0,0.0,1.0
2393,John Henry,2020,-0.4320890781220327,-0.7287104274268826,-0.7319034033788151,-0.17022515745140482,0.0,0.0,0.0,1.0,0.0,0.0,0.0,1.0
2398,Milestone,2020,-0.4320890781220327,-0.7287104274268826,-0.8277906726470052,-0.17022515745140482,0.0,0.0,0.0,0.0,0.0,1.0,0.0,1.0
2407,The Last Thing He Wanted,2020,-0.4320890781220327,-0.7287104274268826,0.6105183663758458,-0.17022515745140482,0.0,0.0,0.0,1.0,0.0,0.0,0.0,1.0
2408,Barbie & Chelsea the Lost Birthday,2021,-0.4320890781220327,-0.779269521939155,1.5693910590577465,-0.17022515745140482,0.0,0.0,0.0,0.0,0.0,1.0,0.0,1.0
2414,Pretty Guardians Sailor Moon Eternal The MOVIE - Part 2,2021,-0.4320890781220327,-0.779269521939155,3.583023713689738,-0.17022515745140482,0.0,0.0,0.0,0.0,0.0,1.0,0.0,1.0
2415,Sisters on Track,2021,-0.4320890781220327,-0.779269521939155,-0.1565797877696747,-0.17022515745140482,0.0,0.0,0.0,0.0,1.0,0.0,0.0,1.0
2432,Quiet,2020,-0.4320890781220327,-0.7287104274268826,-1.2113397497197655,-0.17022515745140482,0.0,0.0,0.0,0.0,0.0,1.0,0.0,1.0
2436,Dance Dreams: Hot Chocolate Nutcracker,2020,-0.4320890781220327,-0.7287104274268826,1.9529401361305068,-0.17022515745140482,1.0,0.0,0.0,0.0,0.0,0.0,0.0,1.0
2440,Searching for Sheela,2021,-0.4320890781220327,-0.779269521939155,0.22696928930308555,-0.17022515745140482,0.0,1.0,0.0,0.0,0.0,0.0,0.0,1.0
2445,40 Sticks,2020,-0.4320890781220327,-0.7287104274268826,-0.8277906726470052,-0.17022515745140482,0.0,0.0,0.0,0.0,0.0,1.0,0.0,1.0
2455,Dad Wanted,2020,-0.4320890781220327,-0.7287104274268826,-0.7319034033788151,-0.17022515745140482,0.0,0.0,0.0,0.0,0.0,1.0,0.0,1.0
2463,Airplane Mode,2020,-0.4320890781220327,-0.7287104274268826,-0.4442415955742449,-0.17022515745140482,0.0,0.0,0.0,0.0,0.0,1.0,0.0,1.0
2467,Qlimax - The Source,2020,-0.4320890781220327,-0.7287104274268826,0.13108202003489547,-0.17022515745140482,0.0,0.0,0.0,0.0,0.0,1.0,0.0,1.0
2485,Xico's Journey,2020,-0.5076048981145609,-0.7287104274268826,-0.34835432630605484,-0.17022515745140482,0.0,0.0,0.0,0.0,0.0,1.0,0.0,1.0
2494,Shawn Mendes: Live in Concert,2020,-0.5076048981145609,-0.7287104274268826,1.0899547127167961,-0.17022515745140482,0.0,0.0,0.0,0.0,1.0,0.0,0.0,1.0
2497,#FriendButMarried 2,2020,-0.5076048981145609,-0.7287104274268826,0.13108202003489547,-0.17022515745140482,0.0,0.0,1.0,0.0,0.0,0.0,0.0,1.0
2501,Rhys Nicholson: Live at the Athenaeum,2020,-0.5076048981145609,-0.7287104274268826,1.8570528668623167,-0.17022515745140482,0.0,0.0,0.0,0.0,0.0,1.0,0.0,1.0
2508,Nasha Natasha,2020,-0.5076048981145609,-0.7287104274268826,-0.4442415955742449,-0.17022515745140482,0.0,0.0,0.0,0.0,1.0,0.0,0.0,1.0
2516,Bulletproof 2,2020,-0.5076048981145609,-0.7287104274268826,-0.4442415955742449,-0.17022515745140482,0.0,0.0,0.0,0.0,0.0,1.0,0.0,1.0
2522,Gold Statue,2021,-0.5076048981145609,-0.779269521939155,-0.6360161341106251,-0.17022515745140482,0.0,0.0,0.0,0.0,0.0,1.0,0.0,1.0
2524,Kenny Sebastian: The Most Interesting Person in the Room,2020,-0.5076048981145609,-0.7287104274268826,3.678910982957928,-0.17022515745140482,0.0,0.0,0.0,1.0,0.0,0.0,0.0,1.0
2527,So Much Love to Give,2020,-0.5076048981145609,-0.7287104274268826,0.22696928930308555,-0.17022515745140482,0.0,0.0,1.0,0.0,0.0,0.0,0.0,1.0
2528,Wish Upon a Unicorn,2020,-0.5076048981145609,-0.7287104274268826,0.13108202003489547,-0.17022515745140482,0.0,0.0,0.0,0.0,1.0,0.0,0.0,1.0
2535,9to5: The Story of a Movement,2020,-0.5076048981145609,-0.7287104274268826,1.0899547127167961,-0.17022515745140482,0.0,0.0,0.0,0.0,0.0,1.0,0.0,1.0
2537,Lift Like a Girl,2020,-0.5076048981145609,-0.7287104274268826,-0.1565797877696747,-0.17022515745140482,0.0,0.0,0.0,0.0,0.0,1.0,0.0,1.0
2548,Dogwashers,2020,-0.5076048981145609,-0.7287104274268826,-0.7319034033788151,-0.17022515745140482,0.0,0.0,0.0,0.0,0.0,1.0,0.0,1.0
2560,Malibu Rescue: The Next Wave,2020,-0.5076048981145609,-0.7287104274268826,0.9940674434486061,-0.17022515745140482,0.0,0.0,0.0,0.0,0.0,1.0,0.0,1.0
2561,The Binding,2020,-0.5076048981145609,-0.7287104274268826,-0.6360161341106251,-0.17022515745140482,0.0,0.0,0.0,0.0,0.0,1.0,0.0,1.0
2566,Elizabeth and Margaret: Love and Loyalty,2020,-0.5076048981145609,-0.7287104274268826,2.144714674666887,-0.17022515745140482,0.0,0.0,0.0,0.0,0.0,1.0,0.0,1.0
2568,Animals on the Loose: A You vs. Wild Movie,2021,-0.5076048981145609,-0.779269521939155,2.336489213203267,-0.17022515745140482,0.0,0.0,0.0,0.0,0.0,1.0,0.0,1.0
2573,Four Sisters Before the Wedding,2020,-0.5076048981145609,-0.7287104274268826,1.2817292512531762,-0.17022515745140482,0.0,0.0,0.0,0.0,0.0,1.0,0.0,1.0
2574,The Larva Island Movie,2020,-0.5076048981145609,-0.7287104274268826,0.4187438278394657,-0.17022515745140482,0.0,0.0,0.0,0.0,0.0,1.0,0.0,1.0
2576,The Fisherman's Diary,2020,-0.5831207181070891,-0.7287104274268826,0.3228565585712756,-0.17022515745140482,0.0,0.0,0.0,0.0,0.0,1.0,0.0,1.0
2577,Best of Stand-up 2020,2020,-0.5831207181070891,-0.7287104274268826,0.3228565585712756,-0.17022515745140482,0.0,0.0,0.0,0.0,0.0,1.0,0.0,1.0
2578,Tell Me When,2020,-0.5831207181070891,-0.7287104274268826,-0.5401288648424349,-0.17022515745140482,0.0,0.0,0.0,0.0,0.0,1.0,0.0,1.0
2580,Not a Game,2020,-0.5831207181070891,-0.7287104274268826,-0.7319034033788151,-0.17022515745140482,0.0,0.0,0.0,0.0,0.0,1.0,0.0,1.0
2588,So My Grandma's a Lesbian!,2020,-0.5831207181070891,-0.7287104274268826,0.8022929049122259,-0.17022515745140482,0.0,0.0,0.0,1.0,0.0,0.0,0.0,1.0
2600,Romance Doll,2020,-0.5831207181070891,-0.7287104274268826,-0.5401288648424349,-0.17022515745140482,0.0,0.0,0.0,0.0,0.0,1.0,0.0,1.0
2614,Octonauts: The Ring of Fire,2021,-0.5831207181070891,-0.779269521939155,0.898180174180416,-0.17022515745140482,1.0,0.0,0.0,0.0,0.0,0.0,0.0,1.0
2619,Sardar Ka Grandson,2021,-0.5831207181070891,-0.779269521939155,0.03519475076670541,-0.17022515745140482,0.0,0.0,0.0,0.0,0.0,1.0,0.0,1.0
2622,The Day of the Lord,2020,-0.5831207181070891,-0.7287104274268826,0.13108202003489547,-0.17022515745140482,0.0,0.0,0.0,0.0,0.0,1.0,0.0,1.0
2626,Shimla Mirchi,2020,-0.5831207181070891,-0.7287104274268826,-0.4442415955742449,-0.17022515745140482,0.0,0.0,0.0,0.0,0.0,1.0,0.0,1.0
2627,June & Kopi,2021,-0.5831207181070891,-0.779269521939155,-0.6360161341106251,-0.17022515745140482,0.0,0.0,0.0,0.0,0.0,1.0,0.0,1.0
2635,Dragons: Rescue Riders: Secrets of the Songwing,2020,-0.5831207181070891,-0.7287104274268826,2.815925559544217,-0.17022515745140482,1.0,0.0,0.0,0.0,0.0,0.0,0.0,1.0
2639,Fatal Affair,2020,-0.5831207181070891,-0.7287104274268826,-0.5401288648424349,-0.17022515745140482,0.0,0.0,1.0,0.0,0.0,0.0,0.0,1.0
2642,Earth and Blood,2020,-0.5831207181070891,-0.7287104274268826,-0.2524670570378648,-0.17022515745140482,0.0,0.0,0.0,1.0,0.0,0.0,0.0,1.0
2644,Strain,2021,-0.5831207181070891,-0.779269521939155,-1.1154524804515753,-0.17022515745140482,0.0,0.0,0.0,0.0,0.0,1.0,0.0,1.0
2647,Emicida: AmarElo – Live in São Paulo,2021,-0.5831207181070891,-0.779269521939155,1.7611655975941265,-0.17022515745140482,0.0,0.0,0.0,0.0,0.0,1.0,0.0,1.0
2665,Sol Levante,2020,-0.5831207181070891,-0.7287104274268826,-0.6360161341106251,-0.17022515745140482,0.0,0.0,0.0,0.0,0.0,1.0,0.0,1.0
2668,#cats_the_mewvie,2020,-0.5831207181070891,-0.7287104274268826,-0.1565797877696747,-0.17022515745140482,0.0,0.0,1.0,0.0,0.0,0.0,0.0,1.0
2675,You Are My Home,2020,-0.5831207181070891,-0.7287104274268826,-0.2524670570378648,-0.17022515745140482,0.0,0.0,0.0,0.0,0.0,1.0,0.0,1.0
2676,The Knight & The Princess,2020,-0.5831207181070891,-0.7287104274268826,0.7064056356440359,-0.17022515745140482,0.0,0.0,0.0,0.0,0.0,1.0,0.0,1.0
2680,The Last Days of American Crime,2020,-0.5831207181070891,-0.7287104274268826,1.2817292512531762,-0.17022515745140482,0.0,0.0,0.0,1.0,0.0,0.0,0.0,1.0
2691,Kambili: The Whole 30 Yards,2021,-0.5831207181070891,-0.779269521939155,0.898180174180416,-0.17022515745140482,0.0,0.0,0.0,0.0,0.0,1.0,0.0,1.0
2696,Tarung Sarung,2020,-0.5831207181070891,-0.7287104274268826,-0.4442415955742449,-0.17022515745140482,0.0,0.0,1.0,0.0,0.0,0.0,0.0,1.0
2704,Wheels of Fortune,2020,-0.6586365380996173,-0.7287104274268826,-0.06069251850148466,-0.17022515745140482,0.0,0.0,0.0,1.0,0.0,0.0,0.0,1.0
2714,I Am Vengeance: Retaliation,2020,-0.6586365380996173,-0.7287104274268826,0.898180174180416,-0.17022515745140482,0.0,0.0,0.0,1.0,0.0,0.0,0.0,1.0
2718,Thiago Ventura: POKAS,2020,-0.6586365380996173,-0.7287104274268826,0.3228565585712756,-0.17022515745140482,0.0,0.0,0.0,1.0,0.0,0.0,0.0,1.0
2723,Therapy,2021,-0.6586365380996173,-0.779269521939155,-1.0195652111833853,-0.17022515745140482,0.0,0.0,0.0,0.0,0.0,1.0,0.0,1.0
2725,Madam Chief Minister,2021,-0.6586365380996173,-0.779269521939155,0.22696928930308555,-0.17022515745140482,0.0,0.0,0.0,0.0,0.0,1.0,0.0,1.0
2726,A Trash Truck Christmas,2020,-0.6586365380996173,-0.7287104274268826,0.5146310971076558,-0.17022515745140482,0.0,0.0,0.0,0.0,0.0,1.0,0.0,1.0
2732,Tersanjung the Movie,2021,-0.6586365380996173,-0.779269521939155,0.22696928930308555,-0.17022515745140482,0.0,0.0,0.0,0.0,0.0,1.0,0.0,1.0
2735,Leyla Everlasting,2020,-0.6586365380996173,-0.7287104274268826,-0.06069251850148466,-0.17022515745140482,0.0,0.0,0.0,1.0,0.0,0.0,0.0,1.0
2740,Hostage House,2021,-0.6586365380996173,-0.779269521939155,-0.4442415955742449,-0.17022515745140482,0.0,0.0,0.0,0.0,0.0,1.0,0.0,1.0
2745,Afonso Padilha: Classless,2020,-0.6586365380996173,-0.7287104274268826,0.7064056356440359,-0.17022515745140482,0.0,0.0,0.0,0.0,0.0,1.0,0.0,1.0
2750,Fierce,2020,-0.6586365380996173,-0.7287104274268826,-1.1154524804515753,-0.17022515745140482,0.0,0.0,0.0,0.0,0.0,1.0,0.0,1.0
2751,Dragons: Rescue Riders: Hunt for the Golden Dragon,2020,-0.6586365380996173,-0.7287104274268826,3.1035873673487875,-0.17022515745140482,1.0,0.0,0.0,0.0,0.0,0.0,0.0,1.0
2752,The Last Kids on Earth: Happy Apocalypse to You,2021,-0.6586365380996173,-0.779269521939155,2.815925559544217,-0.17022515745140482,0.0,0.0,0.0,1.0,0.0,0.0,0.0,1.0
2755,Milea,2020,-0.6586365380996173,-0.7287104274268826,-1.2113397497197655,-0.17022515745140482,0.0,0.0,0.0,0.0,0.0,1.0,0.0,1.0
2757,Geez & Ann,2021,-0.6586365380996173,-0.779269521939155,-0.7319034033788151,-0.17022515745140482,0.0,0.0,1.0,0.0,0.0,0.0,0.0,1.0
2762,Dr Jason Leong: Hashtag Blessed,2020,-0.6586365380996173,-0.7287104274268826,1.2817292512531762,-0.17022515745140482,0.0,0.0,0.0,0.0,0.0,1.0,0.0,1.0
2768,Felix Lobrecht: Hype,2020,-0.6586365380996173,-0.7287104274268826,0.22696928930308555,-0.17022515745140482,0.0,0.0,0.0,0.0,0.0,1.0,0.0,1.0
2775,Love Like the Falling Rain,2020,-0.6586365380996173,-0.7287104274268826,0.8022929049122259,-0.17022515745140482,0.0,0.0,0.0,0.0,0.0,1.0,0.0,1.0
2783,Bhangra Paa Le,2020,-0.7341523580921455,-0.7287104274268826,-0.34835432630605484,-0.17022515745140482,0.0,0.0,0.0,0.0,0.0,1.0,0.0,1.0
2785,Christmas Crossfire,2020,-0.7341523580921455,-0.7287104274268826,0.13108202003489547,-0.17022515745140482,0.0,0.0,0.0,0.0,0.0,1.0,0.0,1.0
2793,The Heartbreak Club,2021,-0.7341523580921455,-0.779269521939155,0.13108202003489547,-0.17022515745140482,0.0,0.0,1.0,0.0,0.0,0.0,0.0,1.0
2799,Into the Beat,2020,-0.7341523580921455,-0.7287104274268826,-0.4442415955742449,-0.17022515745140482,0.0,0.0,0.0,0.0,0.0,1.0,0.0,1.0
2802,Santana,2020,-0.7341523580921455,-0.7287104274268826,-1.0195652111833853,-0.17022515745140482,0.0,0.0,0.0,0.0,0.0,1.0,0.0,1.0
2805,Jezebel,2020,-0.7341523580921455,-0.7287104274268826,-1.0195652111833853,-0.17022515745140482,0.0,0.0,0.0,0.0,0.0,1.0,0.0,1.0
2809,Lee Su-geun: The Sense Coach,2021,-0.7341523580921455,-0.779269521939155,0.9940674434486061,-0.17022515745140482,0.0,0.0,0.0,0.0,0.0,1.0,0.0,1.0
2812,Urzila Carlson: Overqualified Loser,2020,-0.7341523580921455,-0.7287104274268826,1.6652783283259365,-0.17022515745140482,0.0,0.0,0.0,0.0,0.0,1.0,0.0,1.0
2816,Soy Rada: Serendipia,2021,-0.7341523580921455,-0.779269521939155,0.22696928930308555,-0.17022515745140482,0.0,0.0,0.0,0.0,0.0,1.0,0.0,1.0
2820,The Claudia Kishi Club,2020,-0.7341523580921455,-0.7287104274268826,0.4187438278394657,-0.17022515745140482,0.0,0.0,0.0,0.0,0.0,1.0,0.0,1.0
2822,Chris Rock Total Blackout: The Tamborine Extended Cut,2021,-0.7341523580921455,-0.779269521939155,3.3912491751533578,-0.17022515745140482,0.0,0.0,0.0,0.0,0.0,1.0,0.0,1.0
2824,Sugar High,2020,-0.7341523580921455,-0.7287104274268826,-0.7319034033788151,-0.17022515745140482,1.0,0.0,0.0,0.0,0.0,0.0,0.0,1.0
2828,Resort to Love,2021,-0.7341523580921455,-0.779269521939155,-0.34835432630605484,-0.17022515745140482,0.0,0.0,0.0,0.0,0.0,1.0,0.0,1.0
2829,Larry The Cable Guy: Remain Seated,2020,-0.7341523580921455,-0.7287104274268826,1.5693910590577465,-0.17022515745140482,0.0,0.0,0.0,1.0,0.0,0.0,0.0,1.0
2830,Rooting for Roona,2020,-0.7341523580921455,-0.7287104274268826,-0.06069251850148466,-0.17022515745140482,0.0,0.0,0.0,0.0,0.0,1.0,0.0,1.0
2832,Gatao: The Last Stray,2021,-0.7341523580921455,-0.779269521939155,0.3228565585712756,-0.17022515745140482,0.0,0.0,0.0,0.0,0.0,1.0,0.0,1.0
2834,Clash,2021,-0.7341523580921455,-0.779269521939155,-1.2113397497197655,-0.17022515745140482,0.0,0.0,0.0,0.0,0.0,1.0,0.0,1.0
2835,You've Got This,2020,-0.7341523580921455,-0.7287104274268826,-0.2524670570378648,-0.17022515745140482,0.0,0.0,0.0,0.0,0.0,1.0,0.0,1.0
2841,Mutiny of the Worker Bees,2020,-0.7341523580921455,-0.7287104274268826,0.7064056356440359,-0.17022515745140482,0.0,0.0,0.0,1.0,0.0,0.0,0.0,1.0
2842,Krishna and His Leela,2020,-0.7341523580921455,-0.7287104274268826,0.3228565585712756,-0.17022515745140482,0.0,0.0,0.0,0.0,0.0,1.0,0.0,1.0
2851,Vir Das: Outside in - The Lockdown Special,2020,-0.7341523580921455,-0.7287104274268826,2.336489213203267,-0.17022515745140482,0.0,0.0,0.0,0.0,0.0,1.0,0.0,1.0
2852,One Lagos Night,2021,-0.7341523580921455,-0.779269521939155,-0.2524670570378648,-0.17022515745140482,0.0,0.0,0.0,0.0,0.0,1.0,0.0,1.0
2855,Hazel Brugger: Tropical,2020,-0.7341523580921455,-0.7287104274268826,0.5146310971076558,-0.17022515745140482,0.0,0.0,0.0,0.0,0.0,1.0,0.0,1.0
2857,The Rope Curse 2,2020,-0.7341523580921455,-0.7287104274268826,-0.1565797877696747,-0.17022515745140482,0.0,0.0,0.0,0.0,0.0,1.0,0.0,1.0
2868,From Stress To Happiness,2020,-0.7341523580921455,-0.7287104274268826,0.6105183663758458,-0.17022515745140482,0.0,0.0,0.0,0.0,0.0,1.0,0.0,1.0
2871,Story of Kale: When Someone's in Love,2020,-0.7341523580921455,-0.7287104274268826,1.8570528668623167,-0.17022515745140482,0.0,0.0,0.0,1.0,0.0,0.0,0.0,1.0
2880,Girl's Revenge,2020,-0.7341523580921455,-0.7287104274268826,-0.34835432630605484,-0.17022515745140482,0.0,0.0,0.0,0.0,0.0,1.0,0.0,1.0
2891,Ma Rainey's Black Bottom: A Legacy Brought to Screen,2020,-0.8096681780846737,-0.7287104274268826,3.2953619058851675,-0.17022515745140482,0.0,0.0,0.0,0.0,1.0,0.0,0.0,1.0
2895,Andre and His Olive Tree,2020,-0.8096681780846737,-0.7287104274268826,0.6105183663758458,-0.17022515745140482,0.0,0.0,0.0,0.0,0.0,1.0,0.0,1.0
2907,Jai Mummy Di,2020,-0.8096681780846737,-0.7287104274268826,-0.5401288648424349,-0.17022515745140482,0.0,0.0,0.0,0.0,0.0,1.0,0.0,1.0
2908,Monster Run,2020,-0.8096681780846737,-0.7287104274268826,-0.6360161341106251,-0.17022515745140482,0.0,0.0,0.0,0.0,0.0,1.0,0.0,1.0
2911,Bigflo & Oli: Hip Hop Frenzy,2020,-0.8096681780846737,-0.7287104274268826,0.9940674434486061,-0.17022515745140482,0.0,0.0,0.0,0.0,0.0,1.0,0.0,1.0
2913,U-Turn,2020,-0.8096681780846737,-0.7287104274268826,-1.1154524804515753,-0.17022515745140482,0.0,0.0,0.0,0.0,0.0,1.0,0.0,1.0
2919,Super Monsters: Once Upon a Rhyme,2021,-0.8096681780846737,-0.779269521939155,1.4735037897895564,-0.17022515745140482,0.0,0.0,0.0,0.0,0.0,1.0,0.0,1.0
2923,A Choo,2020,-0.8096681780846737,-0.7287104274268826,-1.1154524804515753,-0.17022515745140482,0.0,0.0,0.0,0.0,0.0,1.0,0.0,1.0
2924,The Lost Okoroshi,2020,-0.8096681780846737,-0.7287104274268826,-0.06069251850148466,-0.17022515745140482,0.0,0.0,0.0,0.0,0.0,1.0,0.0,1.0
2928,Chhota Bheem - Neeli Pahaadi,2021,-0.8096681780846737,-0.779269521939155,0.9940674434486061,-0.17022515745140482,0.0,0.0,0.0,0.0,0.0,1.0,0.0,1.0
2929,Camellia Sisters,2020,-0.8096681780846737,-0.7287104274268826,-0.1565797877696747,-0.17022515745140482,0.0,0.0,0.0,0.0,0.0,1.0,0.0,1.0
2931,"Rob Schneider: Asian Momma, Mexican Kids",2020,-0.8096681780846737,-0.7287104274268826,2.144714674666887,-0.17022515745140482,0.0,0.0,0.0,1.0,0.0,0.0,0.0,1.0
2932,Zulu Man in Japan,2020,-0.8096681780846737,-0.7287104274268826,-0.06069251850148466,-0.17022515745140482,0.0,0.0,0.0,0.0,0.0,1.0,0.0,1.0
2933,The Match,2020,-0.8096681780846737,-0.7287104274268826,-0.8277906726470052,-0.17022515745140482,0.0,0.0,0.0,0.0,0.0,1.0,0.0,1.0
2941,The Misadventures of Hedi and Cokeman,2021,-0.8096681780846737,-0.779269521939155,1.8570528668623167,-0.17022515745140482,0.0,0.0,0.0,0.0,0.0,1.0,0.0,1.0
2942,Tuesdays And Fridays,2021,-0.8096681780846737,-0.779269521939155,0.22696928930308555,-0.17022515745140482,0.0,0.0,0.0,0.0,0.0,1.0,0.0,1.0
2944,Indoo Ki Jawani,2020,-0.8096681780846737,-0.7287104274268826,-0.2524670570378648,-0.17022515745140482,0.0,0.0,0.0,0.0,0.0,1.0,0.0,1.0
2951,Hospital,2020,-0.8096681780846737,-0.7287104274268826,-0.9236779419151953,-0.17022515745140482,0.0,0.0,0.0,0.0,0.0,1.0,0.0,1.0
2954,Holiday on Mars,2020,-0.8096681780846737,-0.7287104274268826,-0.2524670570378648,-0.17022515745140482,0.0,0.0,0.0,0.0,0.0,1.0,0.0,1.0
2960,Illegal Woman,2020,-0.8096681780846737,-0.7287104274268826,-0.4442415955742449,-0.17022515745140482,0.0,0.0,0.0,0.0,0.0,1.0,0.0,1.0
2965,Mommy Issues,2021,-0.8096681780846737,-0.779269521939155,-0.5401288648424349,-0.17022515745140482,0.0,0.0,0.0,0.0,0.0,1.0,0.0,1.0
2970,Octonauts and the Caves of Sac Actun,2020,-0.8096681780846737,-0.7287104274268826,1.7611655975941265,-0.17022515745140482,0.0,0.0,0.0,0.0,0.0,1.0,0.0,1.0
2973,Rogue Warfare: Death of a Nation,2020,-0.8096681780846737,-0.7287104274268826,1.3776165205213664,-0.17022515745140482,0.0,0.0,0.0,1.0,0.0,0.0,0.0,1.0
2977,Loyiso Gola: Unlearning,2021,-0.8096681780846737,-0.779269521939155,0.5146310971076558,-0.17022515745140482,0.0,0.0,1.0,0.0,0.0,0.0,0.0,1.0
2994,Islands of Faith,2020,-0.8851839980772019,-0.7287104274268826,-0.1565797877696747,-0.17022515745140482,0.0,0.0,0.0,0.0,0.0,1.0,0.0,1.0
2999,Notes for My Son,2020,-0.8851839980772019,-0.7287104274268826,-0.1565797877696747,-0.17022515745140482,0.0,0.0,0.0,0.0,0.0,1.0,0.0,1.0
3006,Horrid Henry's Gross Day Out,2020,-0.8851839980772019,-0.7287104274268826,0.9940674434486061,-0.17022515745140482,0.0,0.0,0.0,0.0,0.0,1.0,0.0,1.0
3010,Whipped,2020,-0.8851839980772019,-0.7287104274268826,-1.0195652111833853,-0.17022515745140482,0.0,0.0,0.0,0.0,0.0,1.0,0.0,1.0
3015,Just in Time,2021,-0.8851839980772019,-0.779269521939155,-0.5401288648424349,-0.17022515745140482,0.0,0.0,0.0,0.0,0.0,1.0,0.0,1.0
3026,Chippa,2020,-0.8851839980772019,-0.7287104274268826,-1.1154524804515753,-0.17022515745140482,0.0,0.0,0.0,0.0,0.0,1.0,0.0,1.0
3031,Crazy Awesome Teachers,2020,-0.8851839980772019,-0.7287104274268826,0.4187438278394657,-0.17022515745140482,0.0,0.0,0.0,0.0,0.0,1.0,0.0,1.0
3032,George Lopez: We'll Do It for Half,2020,-0.8851839980772019,-0.7287104274268826,1.5693910590577465,-0.17022515745140482,0.0,0.0,0.0,1.0,0.0,0.0,0.0,1.0
3033,Octonauts and the Great Barrier Reef,2020,-0.8851839980772019,-0.7287104274268826,1.7611655975941265,-0.17022515745140482,0.0,0.0,0.0,0.0,0.0,1.0,0.0,1.0
3043,Jack Whitehall: I'm Only Joking,2020,-0.8851839980772019,-0.7287104274268826,1.2817292512531762,-0.17022515745140482,0.0,0.0,0.0,0.0,0.0,1.0,0.0,1.0
3045,Voiceless,2020,-0.8851839980772019,-0.7287104274268826,-0.8277906726470052,-0.17022515745140482,0.0,0.0,0.0,0.0,0.0,1.0,0.0,1.0
3063,Dragons: Rescue Riders: Huttsgalor Holiday,2020,-0.8851839980772019,-0.7287104274268826,2.336489213203267,-0.17022515745140482,0.0,0.0,0.0,0.0,0.0,1.0,0.0,1.0
3064,100% Halal,2020,-0.8851839980772019,-0.7287104274268826,-0.7319034033788151,-0.17022515745140482,0.0,0.0,0.0,0.0,0.0,1.0,0.0,1.0
3066,Spirit Riding Free: Ride Along Adventure,2020,-0.8851839980772019,-0.7287104274268826,2.144714674666887,-0.17022515745140482,0.0,0.0,0.0,0.0,0.0,1.0,0.0,1.0
3075,Generasi 90an: Melankolia,2020,-0.9606998180697301,-0.7287104274268826,0.7064056356440359,-0.17022515745140482,0.0,1.0,0.0,0.0,0.0,0.0,0.0,1.0
3078,Dark City Beneath the Beat,2020,-0.9606998180697301,-0.7287104274268826,0.8022929049122259,-0.17022515745140482,0.0,0.0,0.0,0.0,0.0,1.0,0.0,1.0
3094,Sarbath,2021,-0.9606998180697301,-0.779269521939155,-1.0195652111833853,-0.17022515745140482,0.0,0.0,0.0,0.0,0.0,1.0,0.0,1.0
3097,David Batra: Elephant in The Room,2020,-0.9606998180697301,-0.7287104274268826,1.4735037897895564,-0.17022515745140482,0.0,0.0,0.0,0.0,0.0,1.0,0.0,1.0
3104,Maniyarayile Ashokan,2020,-0.9606998180697301,-0.7287104274268826,0.22696928930308555,-0.17022515745140482,0.0,0.0,0.0,0.0,0.0,1.0,0.0,1.0
3114,All Because of You,2020,-0.9606998180697301,-0.7287104274268826,0.03519475076670541,-0.17022515745140482,0.0,0.0,0.0,0.0,1.0,0.0,0.0,1.0
3117,"Blue, Painful, and Brittle",2020,-0.9606998180697301,-0.7287104274268826,0.8022929049122259,-0.17022515745140482,0.0,0.0,0.0,0.0,0.0,1.0,0.0,1.0
3119,A Go Go Cory Carson Halloween,2020,-0.9606998180697301,-0.7287104274268826,1.0899547127167961,-0.17022515745140482,1.0,0.0,0.0,0.0,0.0,0.0,0.0,1.0
3124,PNL - Dans la légende tour,2020,-0.9606998180697301,-0.7287104274268826,0.8022929049122259,-0.17022515745140482,0.0,0.0,0.0,0.0,0.0,1.0,0.0,1.0
3132,Rattlesnake: The Ahanna Story,2020,-0.9606998180697301,-0.7287104274268826,1.0899547127167961,-0.17022515745140482,0.0,0.0,0.0,0.0,0.0,1.0,0.0,1.0
3133,Full Out 2: You Got This!,2020,-0.9606998180697301,-0.7287104274268826,0.7064056356440359,-0.17022515745140482,0.0,0.0,0.0,0.0,0.0,1.0,0.0,1.0
3143,Furtive,2020,-0.9606998180697301,-0.7287104274268826,-1.0195652111833853,-0.17022515745140482,0.0,0.0,0.0,0.0,0.0,1.0,0.0,1.0
3149,GIMS: On the Record,2020,-0.9606998180697301,-0.7287104274268826,0.13108202003489547,-0.17022515745140482,0.0,0.0,0.0,1.0,0.0,0.0,0.0,1.0
3154,Alan Saldaña: Locked Up,2021,-0.9606998180697301,-0.779269521939155,0.5146310971076558,-0.17022515745140482,0.0,0.0,0.0,0.0,0.0,1.0,0.0,1.0
3173,Berlin Berlin,2020,-1.0362156380622582,-0.7287104274268826,-0.4442415955742449,-0.17022515745140482,0.0,0.0,0.0,0.0,0.0,1.0,0.0,1.0
3184,Captain Underpants: Epic Choice-o-rama,2020,-1.0362156380622582,-0.7287104274268826,1.9529401361305068,-0.17022515745140482,0.0,0.0,0.0,0.0,1.0,0.0,0.0,1.0
3198,"Sí, Mi Amor",2020,-1.0362156380622582,-0.7287104274268826,-0.6360161341106251,-0.17022515745140482,0.0,0.0,0.0,0.0,0.0,1.0,0.0,1.0
3209,The Magic School Bus Rides Again: Kids in Space,2020,-1.0362156380622582,-0.7287104274268826,2.815925559544217,-0.17022515745140482,1.0,0.0,0.0,0.0,0.0,0.0,0.0,1.0
3211,2 Weeks in Lagos,2021,-1.0362156380622582,-0.779269521939155,-0.1565797877696747,-0.17022515745140482,0.0,0.0,0.0,0.0,0.0,1.0,0.0,1.0
3230,Reframe THEATER EXPERIENCE with you,2020,-1.0362156380622582,-0.7287104274268826,1.6652783283259365,-0.17022515745140482,0.0,0.0,0.0,0.0,0.0,1.0,0.0,1.0
3231,Perfume Imaginary Museum “Time Warp”,2020,-1.0362156380622582,-0.7287104274268826,1.7611655975941265,-0.17022515745140482,0.0,0.0,0.0,0.0,0.0,1.0,0.0,1.0
3232,This Lady Called Life,2020,-1.0362156380622582,-0.7287104274268826,0.3228565585712756,-0.17022515745140482,0.0,0.0,0.0,0.0,0.0,1.0,0.0,1.0
3238,Mauricio Meirelles: Generating Chaos,2020,-1.0362156380622582,-0.7287104274268826,1.7611655975941265,-0.17022515745140482,0.0,0.0,0.0,0.0,0.0,1.0,0.0,1.0
3239,Myriam Fares: The Journey,2021,-1.0362156380622582,-0.779269521939155,0.7064056356440359,-0.17022515745140482,0.0,0.0,0.0,0.0,0.0,1.0,0.0,1.0
3240,Virgen de San Juan,2021,-1.0362156380622582,-0.779269521939155,0.03519475076670541,-0.17022515745140482,0.0,0.0,0.0,0.0,0.0,1.0,0.0,1.0
3242,Fukrey Boyzzz: Space Mein Fukrapanti,2020,-1.0362156380622582,-0.7287104274268826,1.7611655975941265,-0.17022515745140482,0.0,0.0,0.0,0.0,0.0,1.0,0.0,1.0
3244,The End of Doel's Love Story,2020,-1.0362156380622582,-0.7287104274268826,0.9940674434486061,-0.17022515745140482,0.0,0.0,0.0,0.0,0.0,1.0,0.0,1.0
3245,Ainu Mosir,2020,-1.0362156380622582,-0.7287104274268826,-0.7319034033788151,-0.17022515745140482,0.0,0.0,0.0,0.0,0.0,1.0,0.0,1.0
3248,Captain Underpants: Mega Blissmas,2020,-1.0362156380622582,-0.7287104274268826,1.4735037897895564,-0.17022515745140482,0.0,0.0,0.0,0.0,0.0,1.0,0.0,1.0
3253,Go! Go! Cory Carson: The Chrissy,2020,-1.1117314580547866,-0.7287104274268826,1.3776165205213664,-0.17022515745140482,1.0,0.0,0.0,0.0,0.0,0.0,0.0,1.0
3258,The Magic School Bus Rides Again in the Zone,2020,-1.1117314580547866,-0.7287104274268826,2.5282637517396473,-0.17022515745140482,1.0,0.0,0.0,0.0,0.0,0.0,0.0,1.0
3259,Aliens Stole My Body,2020,-1.1117314580547866,-0.7287104274268826,0.22696928930308555,-0.17022515745140482,0.0,0.0,0.0,0.0,1.0,0.0,0.0,1.0
3268,The App That Stole Christmas,2020,-1.1117314580547866,-0.7287104274268826,0.9940674434486061,-0.17022515745140482,0.0,0.0,0.0,0.0,1.0,0.0,0.0,1.0
3271,Mama Drama,2020,-1.1117314580547866,-0.7287104274268826,-0.7319034033788151,-0.17022515745140482,0.0,0.0,0.0,0.0,0.0,1.0,0.0,1.0
3273,Jo Koy: In His Elements,2020,-1.1117314580547866,-0.7287104274268826,0.5146310971076558,-0.17022515745140482,0.0,0.0,0.0,1.0,0.0,0.0,0.0,1.0
3282,Hope Ranch,2020,-1.1117314580547866,-0.7287104274268826,-0.7319034033788151,5.431730024131194,1.0,0.0,0.0,0.0,0.0,0.0,1.0,0.0
3283,Fate of Alakada,2020,-1.1117314580547866,-0.7287104274268826,-0.2524670570378648,-0.17022515745140482,0.0,0.0,0.0,0.0,0.0,1.0,0.0,1.0
3287,What Happened to Mr. Cha?,2021,-1.1117314580547866,-0.779269521939155,0.7064056356440359,-0.17022515745140482,0.0,0.0,0.0,0.0,0.0,1.0,0.0,1.0
3289,Kaali Khuhi,2020,-1.1117314580547866,-0.7287104274268826,-0.6360161341106251,-0.17022515745140482,0.0,0.0,1.0,0.0,0.0,0.0,0.0,1.0
3295,Any Crybabies Around?,2020,-1.1117314580547866,-0.7287104274268826,0.3228565585712756,-0.17022515745140482,0.0,0.0,0.0,0.0,0.0,1.0,0.0,1.0
3312,Alex Fernández: The Best Comedian in the World,2020,-1.1117314580547866,-0.7287104274268826,2.7200382902760274,-0.17022515745140482,0.0,0.0,0.0,0.0,0.0,1.0,0.0,1.0
3323,Miss India,2020,-1.1117314580547866,-0.7287104274268826,-0.7319034033788151,-0.17022515745140482,0.0,0.0,0.0,0.0,0.0,1.0,0.0,1.0
3329,Mujeres arriba,2020,-1.1117314580547866,-0.7287104274268826,-0.34835432630605484,-0.17022515745140482,0.0,0.0,0.0,0.0,0.0,1.0,0.0,1.0
3330,A Go! Go! Cory Carson Christmas,2020,-1.1117314580547866,-0.7287104274268826,1.2817292512531762,-0.17022515745140482,1.0,0.0,0.0,0.0,0.0,0.0,0.0,1.0
3338,Light in the Dark,2020,-1.1117314580547866,-0.7287104274268826,-0.06069251850148466,-0.17022515745140482,0.0,0.0,1.0,0.0,0.0,0.0,0.0,1.0
3339,Little Singham: Kaal Ka Badla,2020,-1.1117314580547866,-0.7287104274268826,1.0899547127167961,-0.17022515745140482,0.0,0.0,0.0,0.0,0.0,1.0,0.0,1.0
3346,Bobbleheads: The Movie,2020,-1.1872472780473147,-0.7287104274268826,0.4187438278394657,-0.17022515745140482,0.0,0.0,0.0,0.0,1.0,0.0,0.0,1.0
3350,BNK48: One Take,2020,-1.1872472780473147,-0.7287104274268826,-0.2524670570378648,-0.17022515745140482,0.0,0.0,0.0,0.0,0.0,1.0,0.0,1.0
3355,Calico Critters: Everyone's Big Dream Flying in the Sky,2020,-1.1872472780473147,-0.7287104274268826,3.583023713689738,-0.17022515745140482,0.0,0.0,0.0,0.0,0.0,1.0,0.0,1.0
3368,Ni de coña,2020,-1.1872472780473147,-0.7287104274268826,-0.7319034033788151,-0.17022515745140482,0.0,0.0,0.0,0.0,0.0,1.0,0.0,1.0
3379,True: Friendship Day,2020,-1.1872472780473147,-0.7287104274268826,0.22696928930308555,-0.17022515745140482,0.0,0.0,0.0,0.0,0.0,1.0,0.0,1.0
3384,A Go! Go! Cory Carson Summer Camp,2020,-1.1872472780473147,-0.7287104274268826,1.4735037897895564,-0.17022515745140482,0.0,0.0,0.0,0.0,0.0,1.0,0.0,1.0
3393,David A. Arnold: Fat Ballerina,2020,-1.1872472780473147,-0.7287104274268826,1.1858419819849861,-0.17022515745140482,0.0,0.0,0.0,0.0,0.0,1.0,0.0,1.0
3406,I’m No Longer Here: A Conversation with Guillermo Del Toro & Alfonso Cuarón,2020,-1.262763098039843,-0.7287104274268826,5.50076909905354,-0.17022515745140482,0.0,0.0,0.0,0.0,0.0,1.0,0.0,1.0
3412,Dark Forces,2020,-1.262763098039843,-0.7287104274268826,-0.6360161341106251,-0.17022515745140482,0.0,0.0,0.0,0.0,0.0,1.0,0.0,1.0
3419,Finding Agnes,2020,-1.262763098039843,-0.7287104274268826,-0.4442415955742449,-0.17022515745140482,0.0,0.0,0.0,0.0,0.0,1.0,0.0,1.0
3436,The Netflix Afterparty: The Best Shows of The Worst Year,2020,-1.262763098039843,-0.7287104274268826,3.678910982957928,-0.17022515745140482,0.0,0.0,0.0,0.0,0.0,1.0,0.0,1.0
3440,Super Monsters: Dia de los Monsters,2020,-1.262763098039843,-0.7287104274268826,1.6652783283259365,-0.17022515745140482,1.0,0.0,0.0,0.0,0.0,0.0,0.0,1.0
3441,Super Monsters: The New Class,2020,-1.262763098039843,-0.7287104274268826,1.0899547127167961,-0.17022515745140482,0.0,0.0,0.0,0.0,0.0,1.0,0.0,1.0
3455,Fronteras,2020,-1.262763098039843,-0.7287104274268826,-0.8277906726470052,-0.17022515745140482,0.0,0.0,0.0,1.0,0.0,0.0,0.0,1.0
3463,We Are One,2020,-1.338278918032371,-0.7287104274268826,-0.7319034033788151,-0.17022515745140482,0.0,0.0,0.0,1.0,0.0,0.0,0.0,1.0
3466,Beyond the Boundary: ICC Women's T20 World Cup Australia 2020,2020,-1.338278918032371,-0.7287104274268826,4.158347329298878,-0.17022515745140482,0.0,0.0,0.0,0.0,0.0,1.0,0.0,1.0
3468,RebellComedy: Straight Outta the Zoo,2021,-1.338278918032371,-0.779269521939155,1.7611655975941265,-0.17022515745140482,0.0,0.0,0.0,1.0,0.0,0.0,0.0,1.0
3488,Chico Bon Bon and the Very Berry Holiday,2020,-1.338278918032371,-0.7287104274268826,2.144714674666887,-0.17022515745140482,0.0,0.0,0.0,0.0,0.0,1.0,0.0,1.0
3491,The Magic School Bus Rides Again: The Frizz Connection,2020,-1.338278918032371,-0.7287104274268826,3.4871364444215476,-0.17022515745140482,0.0,0.0,0.0,0.0,0.0,1.0,0.0,1.0
3493,Natalie Palamides: Nate - A One Man Show,2020,-1.338278918032371,-0.7287104274268826,2.144714674666887,-0.17022515745140482,0.0,0.0,0.0,0.0,0.0,1.0,0.0,1.0
3509,Finding Hubby,2020,-1.338278918032371,-0.7287104274268826,-0.4442415955742449,-0.17022515745140482,0.0,0.0,0.0,0.0,0.0,1.0,0.0,1.0
3510,Elf Pets: Santas Reindeer Rescue,2020,-1.338278918032371,-0.7287104274268826,1.3776165205213664,-0.17022515745140482,0.0,0.0,0.0,0.0,0.0,1.0,0.0,1.0
3514,Super Monsters: Santa's Super Monster Helpers,2020,-1.4137947380248994,-0.7287104274268826,2.624151021007837,-0.17022515745140482,0.0,0.0,0.0,0.0,0.0,1.0,0.0,1.0
3529,Hunter in the Blue Side of Manchester,2020,-1.4137947380248994,-0.7287104274268826,1.8570528668623167,-0.17022515745140482,0.0,0.0,0.0,0.0,0.0,1.0,0.0,1.0
3530,Mighty Express: A Mighty Christmas,2020,-1.4137947380248994,-0.7287104274268826,1.5693910590577465,-0.17022515745140482,0.0,0.0,0.0,0.0,0.0,1.0,0.0,1.0
3540,StarBeam: Halloween Hero,2020,-1.4137947380248994,-0.7287104274268826,0.6105183663758458,-0.17022515745140482,0.0,0.0,0.0,0.0,0.0,1.0,0.0,1.0
3560,El límite infinito,2020,-1.4893105580174275,-0.7287104274268826,0.03519475076670541,-0.17022515745140482,0.0,0.0,0.0,0.0,0.0,1.0,0.0,1.0
3568,Who's the Boss,2020,-1.4893105580174275,-0.7287104274268826,-0.34835432630605484,-0.17022515745140482,0.0,0.0,0.0,0.0,0.0,1.0,0.0,1.0
3572,London Hughes: To Catch A D*ck,2020,-1.4893105580174275,-0.7287104274268826,1.1858419819849861,-0.17022515745140482,0.0,0.0,0.0,0.0,0.0,1.0,0.0,1.0
3574,Sanitation Day,2021,-1.4893105580174275,-0.779269521939155,-0.34835432630605484,-0.17022515745140482,0.0,0.0,0.0,0.0,0.0,1.0,0.0,1.0
3581,True: Rainbow Rescue,2020,-1.4893105580174275,-0.7287104274268826,0.22696928930308555,-0.17022515745140482,0.0,0.0,0.0,0.0,0.0,1.0,0.0,1.0
3590,True: Wuzzle Wegg Day,2020,-1.5648263780099556,-0.7287104274268826,0.3228565585712756,-0.17022515745140482,0.0,0.0,0.0,0.0,0.0,1.0,0.0,1.0
3593,An Unremarkable Christmas,2020,-1.5648263780099556,-0.7287104274268826,0.7064056356440359,-0.17022515745140482,0.0,0.0,0.0,0.0,0.0,1.0,0.0,1.0
3601,Thomas e Seus Amigos - A Locomotiva Real,2020,-1.5648263780099556,-0.7287104274268826,2.144714674666887,-0.17022515745140482,0.0,0.0,0.0,0.0,0.0,1.0,0.0,1.0
3602,Asuraguru,2020,-1.640342198002484,-0.7287104274268826,-0.8277906726470052,-0.17022515745140482,0.0,0.0,0.0,0.0,0.0,1.0,0.0,1.0
3607,One Like It,2020,-1.640342198002484,-0.7287104274268826,-0.6360161341106251,-0.17022515745140482,0.0,0.0,0.0,0.0,0.0,1.0,0.0,1.0
3617,Small Chops,2020,-1.715858017995012,-0.7287104274268826,-0.6360161341106251,-0.17022515745140482,0.0,0.0,0.0,0.0,0.0,1.0,0.0,1.0
3632,Trese After Dark,2021,-2.2444687579427094,-0.779269521939155,-0.1565797877696747,-0.17022515745140482,0.0,1.0,0.0,0.0,0.0,0.0,0.0,1.0
3633,The Last Mercenary,2021,-2.3199845779352377,-0.779269521939155,0.03519475076670541,-0.17022515745140482,0.0,0.0,0.0,0.0,0.0,1.0,0.0,1.0
3634,The Circle: The Afterparty,2021,-2.4710162179202944,-0.779269521939155,0.8022929049122259,-0.17022515745140482,0.0,0.0,0.0,0.0,0.0,1.0,0.0,1.0
3635,The Upshaws - The Afterparty,2021,-2.5465320379128222,-0.779269521939155,0.9940674434486061,-0.17022515745140482,0.0,0.0,0.0,1.0,0.0,0.0,0.0,1.0
3636,Angu Vaikuntapurathu (Malayalam),2020,-2.7730794978904068,-0.7287104274268826,1.3776165205213664,-0.17022515745140482,0.0,0.0,0.0,0.0,0.0,1.0,0.0,1.0
3637,The Boys in the Band: Something Personal,2020,-2.7730794978904068,-0.7287104274268826,2.144714674666887,-0.17022515745140482,0.0,0.0,0.0,0.0,0.0,1.0,0.0,1.0
3638,D.O.D.: Day of Destiny,2021,-2.848595317882935,-0.779269521939155,0.4187438278394657,-0.17022515745140482,0.0,0.0,0.0,0.0,0.0,1.0,0.0,1.0
3639,Time To Dance,2021,-2.9241111378754634,-0.779269521939155,-0.4442415955742449,-0.17022515745140482,0.0,0.0,0.0,0.0,0.0,1.0,0.0,1.0
3641,Death Can Wait,2020,-2.9241111378754634,-0.7287104274268826,-0.34835432630605484,-0.17022515745140482,0.0,0.0,0.0,0.0,0.0,1.0,0.0,1.0
3644,Har Kisse Ke Hisse Kaamyaab,2020,-2.9241111378754634,-0.7287104274268826,0.898180174180416,-0.17022515745140482,0.0,0.0,0.0,0.0,1.0,0.0,0.0,1.0
3645,ReFrame,2020,-2.9996269578679917,-0.7287104274268826,-1.0195652111833853,-0.17022515745140482,0.0,0.0,0.0,0.0,0.0,1.0,0.0,1.0
3651,Wave of Cinema: Surat Dari Timur,2020,-3.0751427778605196,-0.7287104274268826,1.3776165205213664,-0.17022515745140482,0.0,0.0,0.0,0.0,0.0,1.0,0.0,1.0
3660,Ratones Paranoicos: The Band that Rocked Argentina,2021,-3.150658597853048,-0.779269521939155,3.1035873673487875,-0.17022515745140482,0.0,0.0,0.0,0.0,0.0,1.0,0.0,1.0
3661,Guillermo Vilas: Settling the Score,2020,-3.150658597853048,-0.7287104274268826,1.6652783283259365,-0.17022515745140482,0.0,0.0,0.0,0.0,0.0,1.0,0.0,1.0
3670,Little Singham: Legend of Dugabakka,2020,-3.150658597853048,-0.7287104274268826,1.6652783283259365,-0.17022515745140482,0.0,0.0,0.0,0.0,0.0,1.0,0.0,1.0
3673,Velvet Colección: Grand Finale,2020,-3.150658597853048,-0.7287104274268826,1.1858419819849861,-0.17022515745140482,0.0,0.0,0.0,0.0,0.0,1.0,0.0,1.0
3681,Thomas & Friends: Marvelous Machinery: A New Arrival,2020,-3.3016902378381046,-0.7287104274268826,3.2953619058851675,-0.17022515745140482,0.0,0.0,0.0,0.0,0.0,1.0,0.0,1.0
3688,Dear Affy,2020,-3.3016902378381046,-0.7287104274268826,-0.8277906726470052,-0.17022515745140482,0.0,0.0,0.0,0.0,0.0,1.0,0.0,1.0
3690,Wave of Cinema: Filosofi Kopi,2020,-0.13002579815191986,-0.7287104274268826,1.0899547127167961,-0.17022515745140482,0.0,0.0,0.0,0.0,0.0,1.0,0.0,1.0
3691,Thomas & Friends: Marvelous Machinery: World of Tomorrow,2020,-0.13002579815191986,-0.7287104274268826,3.678910982957928,-0.17022515745140482,0.0,0.0,0.0,0.0,0.0,1.0,0.0,1.0
3713,Happiest Season,2020,2.2109646216164545,-0.7287104274268826,-0.2524670570378648,-0.17022515745140482,0.0,1.0,0.0,0.0,0.0,0.0,0.0,1.0
3719,Big Time Adolescence,2020,2.2109646216164545,-0.7287104274268826,0.22696928930308555,-0.17022515745140482,0.0,0.0,0.0,1.0,0.0,0.0,0.0,1.0
3738,Another Round,2020,1.9844171616388697,-0.7287104274268826,-0.4442415955742449,-0.17022515745140482,0.0,0.0,0.0,1.0,0.0,0.0,0.0,1.0
3742,Palm Springs,2020,1.9089013416463416,-0.7287104274268826,-0.5401288648424349,-0.17022515745140482,0.0,0.0,0.0,1.0,0.0,0.0,0.0,1.0
3746,Collective,2020,1.9089013416463416,-0.7287104274268826,-0.7319034033788151,-0.17022515745140482,0.0,0.0,0.0,0.0,0.0,1.0,0.0,1.0
3750,Nomadland,2021,1.9089013416463416,-0.779269521939155,-0.8277906726470052,-0.17022515745140482,0.0,0.0,0.0,1.0,0.0,0.0,0.0,1.0
3798,Boss Level,2021,1.6068380616762288,-0.779269521939155,-0.7319034033788151,-0.17022515745140482,0.0,0.0,0.0,1.0,0.0,0.0,0.0,1.0
3809,Run,2020,1.5313222416837007,-0.7287104274268826,-1.4031142882561456,-0.17022515745140482,0.0,1.0,0.0,0.0,0.0,0.0,0.0,1.0
3814,The Mole Agent,2020,1.5313222416837007,-0.7287104274268826,-0.34835432630605484,-0.17022515745140482,0.0,0.0,0.0,0.0,0.0,1.0,0.0,1.0
3824,The Croods 2,2020,1.4558064216911724,-0.7287104274268826,-0.5401288648424349,-0.17022515745140482,0.0,0.0,0.0,0.0,1.0,0.0,0.0,1.0
3836,Barb & Star Go to Vista Del Mar,2021,1.4558064216911724,-0.779269521939155,1.2817292512531762,-0.17022515745140482,0.0,1.0,0.0,0.0,0.0,0.0,0.0,1.0
3850,Bill & Ted Face the Music,2020,1.3802906016986443,-0.7287104274268826,0.7064056356440359,-0.17022515745140482,0.0,0.0,0.0,0.0,1.0,0.0,0.0,1.0
3859,"Summer of Soul (...or, When the Revolution Could Not Be Televised)",2021,1.3802906016986443,-0.779269521939155,4.637783675639828,-0.17022515745140482,0.0,1.0,0.0,0.0,0.0,0.0,0.0,1.0
3877,"Quo vadis, Aida?",2021,1.304774781706116,-0.779269521939155,-0.1565797877696747,-0.17022515745140482,0.0,0.0,0.0,0.0,0.0,1.0,0.0,1.0
3896,Sputnik,2020,1.2292589617135878,-0.7287104274268826,-1.0195652111833853,-0.17022515745140482,0.0,0.0,0.0,1.0,0.0,0.0,0.0,1.0
3907,Plan B,2021,1.2292589617135878,-0.779269521939155,-1.1154524804515753,-0.17022515745140482,0.0,0.0,0.0,1.0,0.0,0.0,0.0,1.0
3916,Possessor Uncut,2020,1.2292589617135878,-0.7287104274268826,-0.2524670570378648,-0.17022515745140482,0.0,0.0,0.0,1.0,0.0,0.0,0.0,1.0
3930,Willy's Wonderland,2021,1.1537431417210595,-0.779269521939155,0.03519475076670541,-0.17022515745140482,0.0,0.0,0.0,1.0,0.0,0.0,0.0,1.0
3931,Trolls World Tour,2020,1.1537431417210595,-0.7287104274268826,-0.06069251850148466,-0.17022515745140482,0.0,0.0,0.0,0.0,1.0,0.0,0.0,1.0
3941,Zappa,2020,1.0782273217285314,-0.7287104274268826,-1.2113397497197655,-0.17022515745140482,0.0,0.0,0.0,0.0,0.0,1.0,0.0,1.0
3944,Some Kind of Heaven,2021,1.0782273217285314,-0.779269521939155,0.13108202003489547,-0.17022515745140482,0.0,1.0,0.0,0.0,0.0,0.0,0.0,1.0
3960,Antebellum,2020,1.002711501736003,-0.7287104274268826,-0.7319034033788151,-0.17022515745140482,0.0,0.0,0.0,1.0,0.0,0.0,0.0,1.0
3968,Ammonite,2020,1.002711501736003,-0.7287104274268826,-0.9236779419151953,-0.17022515745140482,0.0,0.0,0.0,1.0,0.0,0.0,0.0,1.0
3969,Derek DelGaudio's In & of Itself,2020,1.002711501736003,-0.7287104274268826,1.3776165205213664,-0.17022515745140482,0.0,1.0,0.0,0.0,0.0,0.0,0.0,1.0
3977,Babyteeth,2020,1.002711501736003,-0.7287104274268826,-0.8277906726470052,-0.17022515745140482,0.0,0.0,0.0,0.0,0.0,1.0,0.0,1.0
3979,The United States vs. Billie Holiday,2021,1.002711501736003,-0.779269521939155,1.7611655975941265,-0.17022515745140482,0.0,0.0,0.0,1.0,0.0,0.0,0.0,1.0
3987,The Assistant,2020,0.927195681743475,-0.7287104274268826,-0.4442415955742449,-0.17022515745140482,0.0,0.0,0.0,1.0,0.0,0.0,0.0,1.0
3992,Spontaneous,2020,0.927195681743475,-0.7287104274268826,-0.6360161341106251,-0.17022515745140482,0.0,0.0,0.0,1.0,0.0,0.0,0.0,1.0
3994,AKA Jane Roe,2020,0.927195681743475,-0.7287104274268826,-0.5401288648424349,-0.17022515745140482,0.0,0.0,0.0,1.0,0.0,0.0,0.0,1.0
4026,The World to Come,2020,0.8516798617509468,-0.7287104274268826,-0.06069251850148466,-0.17022515745140482,0.0,0.0,0.0,1.0,0.0,0.0,0.0,1.0
4034,Gretel & Hansel,2020,0.8516798617509468,-0.7287104274268826,-0.2524670570378648,-0.17022515745140482,0.0,1.0,0.0,0.0,0.0,0.0,0.0,1.0
4041,Enforcement,2020,0.8516798617509468,-0.7287104274268826,-0.6360161341106251,-0.17022515745140482,0.0,0.0,0.0,0.0,0.0,1.0,0.0,1.0
4043,Silk Road,2021,0.8516798617509468,-0.779269521939155,-0.8277906726470052,-0.17022515745140482,0.0,0.0,0.0,1.0,0.0,0.0,0.0,1.0
4045,Shadow in the Cloud,2021,0.8516798617509468,-0.779269521939155,0.13108202003489547,-0.17022515745140482,0.0,0.0,0.0,1.0,0.0,0.0,0.0,1.0
4053,We Are Freestyle Love Supreme,2020,0.7761640417584186,-0.7287104274268826,1.0899547127167961,-0.17022515745140482,0.0,0.0,0.0,1.0,0.0,0.0,0.0,1.0
4055,The Rhythm Section,2020,0.7761640417584186,-0.7287104274268826,0.03519475076670541,-0.17022515745140482,0.0,0.0,0.0,1.0,0.0,0.0,0.0,1.0
4065,I Still Believe,2020,0.7761640417584186,-0.7287104274268826,-0.2524670570378648,-0.17022515745140482,0.0,0.0,0.0,0.0,1.0,0.0,0.0,1.0
4068,Fear of Rain,2021,0.7761640417584186,-0.779269521939155,-0.5401288648424349,-0.17022515745140482,0.0,1.0,0.0,0.0,0.0,0.0,0.0,1.0
4078,Framing Britney Spears,2021,0.7761640417584186,-0.779269521939155,0.4187438278394657,-0.17022515745140482,0.0,0.0,1.0,0.0,0.0,0.0,0.0,1.0
4079,Shirley,2020,0.7761640417584186,-0.7287104274268826,-1.0195652111833853,-0.17022515745140482,0.0,0.0,0.0,1.0,0.0,0.0,0.0,1.0
4086,Totally Under Control,2020,0.7761640417584186,-0.7287104274268826,0.3228565585712756,-0.17022515745140482,0.0,0.0,1.0,0.0,0.0,0.0,0.0,1.0
4096,Little Fish,2021,0.7006482217658904,-0.779269521939155,-0.6360161341106251,-0.17022515745140482,0.0,0.0,1.0,0.0,0.0,0.0,0.0,1.0
4101,The Trip to Greece,2021,0.7006482217658904,-0.779269521939155,0.03519475076670541,-0.17022515745140482,0.0,1.0,0.0,0.0,0.0,0.0,0.0,1.0
4107,The Postcard Killings,2020,0.7006482217658904,-0.7287104274268826,0.3228565585712756,-0.17022515745140482,0.0,0.0,0.0,1.0,0.0,0.0,0.0,1.0
4120,Moffie,2020,0.7006482217658904,-0.7287104274268826,-1.1154524804515753,-0.17022515745140482,0.0,0.0,0.0,1.0,0.0,0.0,0.0,1.0
4121,I Am Greta,2020,0.7006482217658904,-0.7287104274268826,-0.7319034033788151,-0.17022515745140482,0.0,0.0,1.0,0.0,0.0,0.0,0.0,1.0
4126,The Painter and the Thief,2020,0.6251324017733622,-0.7287104274268826,0.7064056356440359,-0.17022515745140482,0.0,0.0,0.0,0.0,0.0,1.0,0.0,1.0
4128,Buffaloed,2020,0.6251324017733622,-0.7287104274268826,-0.8277906726470052,-0.17022515745140482,0.0,0.0,0.0,0.0,0.0,1.0,0.0,1.0
4135,2067,2020,0.6251324017733622,-0.7287104274268826,-1.3072270189879556,-0.17022515745140482,0.0,0.0,1.0,0.0,0.0,0.0,0.0,1.0
4138,Cowboys,2020,0.6251324017733622,-0.7287104274268826,-1.0195652111833853,-0.17022515745140482,0.0,0.0,0.0,0.0,0.0,1.0,0.0,1.0
4143,The Binge,2020,0.6251324017733622,-0.7287104274268826,-0.8277906726470052,-0.17022515745140482,0.0,0.0,0.0,1.0,0.0,0.0,0.0,1.0
4145,MLK/FBI,2021,0.6251324017733622,-0.779269521939155,-1.0195652111833853,-0.17022515745140482,0.0,0.0,0.0,0.0,1.0,0.0,0.0,1.0
4154,kid 90,2021,0.6251324017733622,-0.779269521939155,-1.1154524804515753,-0.17022515745140482,0.0,1.0,0.0,0.0,0.0,0.0,0.0,1.0
4165,The Tax Collector,2020,0.549616581780834,-0.7287104274268826,-0.06069251850148466,-0.17022515745140482,0.0,0.0,0.0,1.0,0.0,0.0,0.0,1.0
4168,The Outside Story,2021,0.549616581780834,-0.779269521939155,-0.06069251850148466,-0.17022515745140482,0.0,0.0,0.0,0.0,0.0,1.0,0.0,1.0
4169,Spree,2020,0.549616581780834,-0.7287104274268826,-1.2113397497197655,-0.17022515745140482,0.0,0.0,0.0,0.0,0.0,1.0,0.0,1.0
4170,Dear Comrades!,2020,0.549616581780834,-0.7287104274268826,-0.34835432630605484,-0.17022515745140482,0.0,0.0,0.0,0.0,0.0,1.0,0.0,1.0
4171,WeWork: or The Making and Breaking of a $47 Billion Unicorn,2021,0.549616581780834,-0.779269521939155,3.966572790762498,-0.17022515745140482,0.0,1.0,0.0,0.0,0.0,0.0,0.0,1.0
4182,Wild Mountain Thyme,2020,0.549616581780834,-0.7287104274268826,0.13108202003489547,-0.17022515745140482,0.0,1.0,0.0,0.0,0.0,0.0,0.0,1.0
4183,Save Yourselves!,2020,0.549616581780834,-0.7287104274268826,-0.1565797877696747,-0.17022515745140482,0.0,0.0,0.0,1.0,0.0,0.0,0.0,1.0
4185,12 Hour Shift,2020,0.47410076178830574,-0.7287104274268826,-0.4442415955742449,-0.17022515745140482,0.0,0.0,0.0,0.0,0.0,1.0,0.0,1.0
4189,Beasts Clawing at Straws,2020,0.47410076178830574,-0.7287104274268826,0.6105183663758458,-0.17022515745140482,0.0,0.0,0.0,0.0,0.0,1.0,0.0,1.0
4199,Books of Blood,2020,0.47410076178830574,-0.7287104274268826,-0.34835432630605484,-0.17022515745140482,0.0,0.0,0.0,1.0,0.0,0.0,0.0,1.0
4200,The Secret Garden,2020,0.47410076178830574,-0.7287104274268826,-0.06069251850148466,-0.17022515745140482,0.0,0.0,0.0,0.0,1.0,0.0,0.0,1.0
4201,Rent-A-Pal,2020,0.47410076178830574,-0.7287104274268826,-0.7319034033788151,-0.17022515745140482,0.0,0.0,0.0,0.0,0.0,1.0,0.0,1.0
4211,Rams,2020,0.47410076178830574,-0.7287104274268826,-1.3072270189879556,-0.17022515745140482,0.0,1.0,0.0,0.0,0.0,0.0,0.0,1.0
4219,The Donut King,2020,0.3985849417957775,-0.7287104274268826,-0.34835432630605484,-0.17022515745140482,0.0,0.0,0.0,0.0,0.0,1.0,0.0,1.0
4224,Tesla,2020,0.3985849417957775,-0.7287104274268826,-1.2113397497197655,-0.17022515745140482,0.0,1.0,0.0,0.0,0.0,0.0,0.0,1.0
4226,You Cannot Kill David Arquette,2020,0.3985849417957775,-0.7287104274268826,1.1858419819849861,-0.17022515745140482,0.0,0.0,0.0,1.0,0.0,0.0,0.0,1.0
4227,100% Wolf,2020,0.3985849417957775,-0.7287104274268826,-0.8277906726470052,-0.17022515745140482,0.0,0.0,0.0,0.0,1.0,0.0,0.0,1.0
4231,Night of the Kings,2021,0.3985849417957775,-0.779269521939155,0.03519475076670541,-0.17022515745140482,0.0,0.0,0.0,1.0,0.0,0.0,0.0,1.0
4233,Stray,2020,0.3985849417957775,-0.7287104274268826,-1.2113397497197655,5.431730024131194,0.0,0.0,0.0,0.0,0.0,1.0,1.0,0.0
4236,False Positive,2021,0.3985849417957775,-0.779269521939155,-0.34835432630605484,-0.17022515745140482,0.0,0.0,0.0,1.0,0.0,0.0,0.0,1.0
4239,The Doorman,2020,0.3985849417957775,-0.7287104274268826,-0.6360161341106251,-0.17022515745140482,0.0,0.0,0.0,1.0,0.0,0.0,0.0,1.0
4249,Bull,2020,0.32306912180324937,-0.7287104274268826,-1.3072270189879556,-0.17022515745140482,0.0,0.0,0.0,1.0,0.0,0.0,0.0,1.0
4250,Bad Hair,2021,0.32306912180324937,-0.779269521939155,-0.9236779419151953,-0.17022515745140482,0.0,0.0,0.0,0.0,0.0,1.0,0.0,1.0
4252,The Orange Years: The Nickelodeon Story,2020,0.32306912180324937,-0.7287104274268826,2.048827405398697,-0.17022515745140482,0.0,0.0,0.0,0.0,0.0,1.0,0.0,1.0
4254,The Fight,2020,0.32306912180324937,-0.7287104274268826,-0.8277906726470052,-0.17022515745140482,0.0,1.0,0.0,0.0,0.0,0.0,0.0,1.0
4264,The Owners,2020,0.32306912180324937,-0.7287104274268826,-0.7319034033788151,-0.17022515745140482,0.0,0.0,0.0,0.0,0.0,1.0,0.0,1.0
4275,The Other Lamb,2020,0.32306912180324937,-0.7287104274268826,-0.34835432630605484,-0.17022515745140482,0.0,0.0,0.0,1.0,0.0,0.0,0.0,1.0
4278,Once Were Brothers: Robbie Robertson and The Band,2020,0.32306912180324937,-0.7287104274268826,3.0077000980805972,-0.17022515745140482,0.0,0.0,0.0,1.0,0.0,0.0,0.0,1.0
4282,A Glitch in the Matrix,2021,0.32306912180324937,-0.779269521939155,0.4187438278394657,-0.17022515745140482,0.0,0.0,0.0,0.0,0.0,1.0,0.0,1.0
4283,Crock of Gold: A Few Rounds with Shane MacGowan,2020,0.32306912180324937,-0.7287104274268826,2.815925559544217,-0.17022515745140482,0.0,0.0,0.0,0.0,0.0,1.0,0.0,1.0
4296,Body Cam,2020,0.24755330181072113,-0.7287104274268826,-0.9236779419151953,-0.17022515745140482,0.0,0.0,0.0,1.0,0.0,0.0,0.0,1.0
4300,Buddy Games,2021,0.24755330181072113,-0.779269521939155,-0.6360161341106251,-0.17022515745140482,0.0,0.0,0.0,1.0,0.0,0.0,0.0,1.0
4303,Rebuilding Paradise,2020,0.24755330181072113,-0.7287104274268826,0.13108202003489547,-0.17022515745140482,0.0,1.0,0.0,0.0,0.0,0.0,0.0,1.0
4308,Valley Girl,2020,0.24755330181072113,-0.7287104274268826,-0.6360161341106251,-0.17022515745140482,0.0,1.0,0.0,0.0,0.0,0.0,0.0,1.0
4313,Rogue,2020,0.24755330181072113,-0.7287104274268826,-1.2113397497197655,-0.17022515745140482,0.0,0.0,0.0,1.0,0.0,0.0,0.0,1.0
4340,Skin: A History of Nudity in the Movies,2020,0.17203748181819295,-0.7287104274268826,2.048827405398697,-0.17022515745140482,0.0,0.0,0.0,0.0,0.0,1.0,0.0,1.0
4342,A Nice Girl Like You,2020,0.17203748181819295,-0.7287104274268826,0.22696928930308555,-0.17022515745140482,0.0,0.0,0.0,1.0,0.0,0.0,0.0,1.0
4350,Dark Web: Cicada 3301,2021,0.17203748181819295,-0.779269521939155,0.3228565585712756,-0.17022515745140482,0.0,0.0,0.0,1.0,0.0,0.0,0.0,1.0
4355,Breaking Fast,2020,0.09652166182566474,-0.7287104274268826,-0.4442415955742449,-0.17022515745140482,0.0,0.0,0.0,0.0,0.0,1.0,0.0,1.0
4358,Amulet,2020,0.09652166182566474,-0.7287104274268826,-1.1154524804515753,-0.17022515745140482,0.0,0.0,0.0,1.0,0.0,0.0,0.0,1.0
4368,Notturno,2020,0.09652166182566474,-0.7287104274268826,-0.9236779419151953,-0.17022515745140482,0.0,0.0,0.0,1.0,0.0,0.0,0.0,1.0
4375,Centigrade,2020,0.09652166182566474,-0.7287104274268826,-0.7319034033788151,-0.17022515745140482,0.0,0.0,0.0,0.0,0.0,1.0,0.0,1.0
4380,Wander Darkly,2020,0.09652166182566474,-0.7287104274268826,-0.4442415955742449,-0.17022515745140482,0.0,0.0,0.0,1.0,0.0,0.0,0.0,1.0
4382,Hooking Up,2020,0.09652166182566474,-0.7287104274268826,-0.7319034033788151,-0.17022515745140482,0.0,0.0,0.0,1.0,0.0,0.0,0.0,1.0
4386,Follow Me,2020,0.09652166182566474,-0.7287104274268826,-0.8277906726470052,-0.17022515745140482,0.0,0.0,0.0,1.0,0.0,0.0,0.0,1.0
4390,Premature,2020,0.021005841833136533,-0.7287104274268826,-0.8277906726470052,-0.17022515745140482,0.0,0.0,0.0,0.0,0.0,1.0,0.0,1.0
4401,The Ultimate Playlist of Noise,2021,0.021005841833136533,-0.779269521939155,1.1858419819849861,-0.17022515745140482,0.0,0.0,0.0,1.0,0.0,0.0,0.0,1.0
4417,Intersect,2020,-0.05450997815939167,-0.7287104274268826,-0.8277906726470052,-0.17022515745140482,0.0,0.0,0.0,1.0,0.0,0.0,0.0,1.0
4429,Disappearance at Clifton Hill,2020,-0.05450997815939167,-0.7287104274268826,1.0899547127167961,-0.17022515745140482,0.0,0.0,0.0,0.0,0.0,1.0,0.0,1.0
4431,The Big Ugly,2020,-0.05450997815939167,-0.7287104274268826,-0.5401288648424349,-0.17022515745140482,0.0,0.0,0.0,1.0,0.0,0.0,0.0,1.0
4432,The Roads Not Taken,2020,-0.05450997815939167,-0.7287104274268826,0.13108202003489547,-0.17022515745140482,0.0,0.0,0.0,1.0,0.0,0.0,0.0,1.0
4433,I Met a Girl,2020,-0.05450997815939167,-0.7287104274268826,-0.5401288648424349,-0.17022515745140482,0.0,0.0,0.0,0.0,0.0,1.0,0.0,1.0
4437,Billie,2020,-0.05450997815939167,-0.7287104274268826,-1.1154524804515753,-0.17022515745140482,0.0,0.0,0.0,0.0,0.0,1.0,0.0,1.0
4438,69: The Saga of Danny Hernandez,2021,-0.05450997815939167,-0.779269521939155,1.2817292512531762,-0.17022515745140482,0.0,0.0,0.0,1.0,0.0,0.0,0.0,1.0
4442,VHYes,2020,-0.05450997815939167,-0.7287104274268826,-1.2113397497197655,-0.17022515745140482,0.0,0.0,0.0,0.0,0.0,1.0,0.0,1.0
4449,Infamous,2020,-0.13002579815191986,-0.7287104274268826,-0.9236779419151953,-0.17022515745140482,0.0,0.0,0.0,0.0,0.0,1.0,0.0,1.0
4452,Farewell Amor,2020,-0.13002579815191986,-0.7287104274268826,-0.4442415955742449,-0.17022515745140482,0.0,0.0,0.0,0.0,0.0,1.0,0.0,1.0
4455,Good Boy,2020,-0.13002579815191986,-0.7287104274268826,-0.9236779419151953,-0.17022515745140482,0.0,0.0,0.0,0.0,0.0,1.0,0.0,1.0
4470,Behind You,2020,-0.13002579815191986,-0.7287104274268826,-0.7319034033788151,-0.17022515745140482,0.0,0.0,0.0,1.0,0.0,0.0,0.0,1.0
4473,The Resort,2021,-0.13002579815191986,-0.779269521939155,-0.7319034033788151,-0.17022515745140482,0.0,0.0,0.0,0.0,0.0,1.0,0.0,1.0
4477,Dr. Bird's Advice for Sad Poets,2021,-0.20554161814444807,-0.779269521939155,1.2817292512531762,-0.17022515745140482,0.0,0.0,0.0,1.0,0.0,0.0,0.0,1.0
4484,Pooka Lives!,2020,-0.20554161814444807,-0.7287104274268826,-0.5401288648424349,-0.17022515745140482,0.0,0.0,0.0,1.0,0.0,0.0,0.0,1.0
4486,Phobias,2021,-0.20554161814444807,-0.779269521939155,-1.0195652111833853,-0.17022515745140482,0.0,0.0,0.0,1.0,0.0,0.0,0.0,1.0
4491,Stars Fell on Alabama,2021,-0.20554161814444807,-0.779269521939155,0.3228565585712756,-0.17022515745140482,0.0,1.0,0.0,0.0,0.0,0.0,0.0,1.0
4501,Crawlers,2020,-0.20554161814444807,-0.7287104274268826,-0.9236779419151953,-0.17022515745140482,0.0,0.0,0.0,0.0,0.0,1.0,0.0,1.0
4520,The Sunlit Night,2020,-0.28105743813697626,-0.7287104274268826,-0.1565797877696747,-0.17022515745140482,0.0,0.0,0.0,0.0,0.0,1.0,0.0,1.0
4536,The Current Occupant,2020,-0.35657325812950447,-0.7287104274268826,0.22696928930308555,-0.17022515745140482,0.0,0.0,0.0,0.0,0.0,1.0,0.0,1.0
4537,Bad Therapy,2020,-0.35657325812950447,-0.7287104274268826,-0.6360161341106251,-0.17022515745140482,0.0,0.0,0.0,0.0,0.0,1.0,0.0,1.0
4542,Savage State,2020,-0.35657325812950447,-0.7287104274268826,-0.5401288648424349,-0.17022515745140482,0.0,0.0,0.0,0.0,0.0,1.0,0.0,1.0
4551,Stairs,2020,-0.4320890781220327,-0.7287104274268826,-1.1154524804515753,-0.17022515745140482,0.0,0.0,0.0,0.0,0.0,1.0,0.0,1.0
4552,Rag Doll,2020,-0.4320890781220327,-0.7287104274268826,-0.9236779419151953,-0.17022515745140482,0.0,0.0,0.0,0.0,0.0,1.0,0.0,1.0
4554,The Dustwalker,2020,-0.4320890781220327,-0.7287104274268826,-0.34835432630605484,-0.17022515745140482,0.0,0.0,0.0,0.0,0.0,1.0,0.0,1.0
4558,Olympic Dreams Featuring Jonas Brothers,2021,-0.4320890781220327,-0.779269521939155,2.048827405398697,-0.17022515745140482,0.0,0.0,0.0,0.0,1.0,0.0,0.0,1.0
4571,The State of Texas vs. Melissa,2020,-0.5076048981145609,-0.7287104274268826,1.1858419819849861,-0.17022515745140482,0.0,0.0,0.0,0.0,0.0,1.0,0.0,1.0
4573,Swimming for Gold,2020,-0.5076048981145609,-0.7287104274268826,-0.06069251850148466,-0.17022515745140482,0.0,0.0,0.0,0.0,0.0,1.0,0.0,1.0
4576,Her Name Is Chef,2021,-0.5076048981145609,-0.779269521939155,-0.1565797877696747,-0.17022515745140482,0.0,0.0,0.0,0.0,0.0,1.0,0.0,1.0
4580,Dreamcatcher,2021,-0.5076048981145609,-0.779269521939155,-0.5401288648424349,-0.17022515745140482,0.0,0.0,0.0,0.0,0.0,1.0,0.0,1.0
4584,The Complex: Lockdown,2020,-0.5076048981145609,-0.7287104274268826,0.3228565585712756,-0.17022515745140482,0.0,0.0,0.0,0.0,0.0,1.0,0.0,1.0
4585,The Standard,2020,-0.5076048981145609,-0.7287104274268826,-0.5401288648424349,-0.17022515745140482,0.0,0.0,0.0,0.0,0.0,1.0,0.0,1.0
4589,Delivered,2020,-0.5831207181070891,-0.7287104274268826,-0.8277906726470052,-0.17022515745140482,0.0,0.0,0.0,0.0,0.0,1.0,0.0,1.0
4592,The Legend of Baron To'a,2020,-0.5831207181070891,-0.7287104274268826,0.6105183663758458,-0.17022515745140482,0.0,0.0,0.0,1.0,0.0,0.0,0.0,1.0
4597,Awoken,2020,-0.5831207181070891,-0.7287104274268826,-1.1154524804515753,-0.17022515745140482,0.0,0.0,0.0,0.0,0.0,1.0,0.0,1.0
4604,Modern Persuasion,2020,-0.5831207181070891,-0.7287104274268826,-0.06069251850148466,-0.17022515745140482,0.0,0.0,0.0,0.0,0.0,1.0,0.0,1.0
4611,My Valentine,2020,-0.6586365380996173,-0.7287104274268826,-0.5401288648424349,-0.17022515745140482,0.0,1.0,0.0,0.0,0.0,0.0,0.0,1.0
4625,1 Night In San Diego,2020,-0.7341523580921455,-0.7287104274268826,0.22696928930308555,-0.17022515745140482,0.0,0.0,0.0,0.0,0.0,1.0,0.0,1.0
4626,North Korea: Inside The Mind of a Dictator,2021,-0.7341523580921455,-0.779269521939155,2.336489213203267,-0.17022515745140482,0.0,1.0,0.0,0.0,0.0,0.0,0.0,1.0
4627,The Swing of Things,2020,-0.7341523580921455,-0.7287104274268826,0.13108202003489547,-0.17022515745140482,0.0,0.0,0.0,1.0,0.0,0.0,0.0,1.0
4628,The Story of Soaps,2020,-0.7341523580921455,-0.7287104274268826,0.03519475076670541,-0.17022515745140482,0.0,0.0,0.0,0.0,0.0,1.0,0.0,1.0
4630,Dr. Seuss' The Grinch Musical,2020,-0.7341523580921455,-0.7287104274268826,1.0899547127167961,-0.17022515745140482,0.0,0.0,0.0,0.0,0.0,1.0,0.0,1.0
4634,How to Fake a War,2020,-0.7341523580921455,-0.7287104274268826,-0.06069251850148466,-0.17022515745140482,0.0,0.0,0.0,0.0,0.0,1.0,0.0,1.0
4635,Safer at Home,2021,-0.7341523580921455,-0.779269521939155,-0.4442415955742449,-0.17022515745140482,0.0,0.0,0.0,1.0,0.0,0.0,0.0,1.0
4645,Endless,2020,-0.8096681780846737,-0.7287104274268826,-1.0195652111833853,-0.17022515745140482,0.0,0.0,0.0,0.0,0.0,1.0,0.0,1.0
4663,Naughty Books,2020,-0.8851839980772019,-0.7287104274268826,-0.4442415955742449,-0.17022515745140482,0.0,0.0,0.0,0.0,0.0,1.0,0.0,1.0
4666,GameStopped,2021,-0.9606998180697301,-0.779269521939155,-0.6360161341106251,-0.17022515745140482,0.0,0.0,0.0,0.0,0.0,1.0,0.0,1.0
4679,Carrion,2020,-1.1117314580547866,-0.7287104274268826,-1.0195652111833853,-0.17022515745140482,0.0,0.0,0.0,0.0,0.0,1.0,0.0,1.0
4685,A Christmas Hero,2020,-1.1117314580547866,-0.7287104274268826,-0.1565797877696747,-0.17022515745140482,0.0,0.0,0.0,0.0,0.0,1.0,0.0,1.0
4699,Michael Smerconish: Things I Wish I Knew Before I Started Talking,2020,-2.5465320379128222,-0.7287104274268826,4.541896406371639,-0.17022515745140482,0.0,0.0,0.0,0.0,0.0,1.0,0.0,1.0
4700,Alien Contact,2020,-2.9241111378754634,-0.7287104274268826,-0.4442415955742449,-0.17022515745140482,0.0,0.0,0.0,0.0,0.0,1.0,0.0,1.0
4711,Borat Subsequent Moviefilm,2020,2.5885437215790956,-0.7287104274268826,0.8022929049122259,-0.17022515745140482,0.0,0.0,0.0,1.0,0.0,0.0,0.0,1.0
4715,One Night in Miami...,2021,2.437512081594039,-0.779269521939155,0.3228565585712756,-0.17022515745140482,0.0,0.0,0.0,1.0,0.0,0.0,0.0,1.0
4732,Thappad,2020,2.135448801623926,-0.7287104274268826,-1.0195652111833853,-0.17022515745140482,0.0,0.0,0.0,0.0,0.0,1.0,0.0,1.0
4738,The Tomorrow War,2021,2.059932981631398,-0.779269521939155,-0.1565797877696747,-0.17022515745140482,0.0,1.0,0.0,0.0,0.0,0.0,0.0,1.0
4746,Sound of Metal,2020,1.9844171616388697,-0.7287104274268826,-0.34835432630605484,-0.17022515745140482,0.0,0.0,0.0,1.0,0.0,0.0,0.0,1.0
4762,Sylvie's Love,2020,1.8333855216538133,-0.7287104274268826,-0.4442415955742449,-0.17022515745140482,0.0,1.0,0.0,0.0,0.0,0.0,0.0,1.0
4779,My Spy,2020,1.6823538816687569,-0.7287104274268826,-1.1154524804515753,-0.17022515745140482,0.0,1.0,0.0,0.0,0.0,0.0,0.0,1.0
4821,All In: The Fight for Democracy,2020,1.5313222416837007,-0.7287104274268826,1.2817292512531762,-0.17022515745140482,0.0,1.0,0.0,0.0,0.0,0.0,0.0,1.0
4823,Our Friend,2021,1.5313222416837007,-0.779269521939155,-0.7319034033788151,-0.17022515745140482,0.0,0.0,0.0,1.0,0.0,0.0,0.0,1.0
4825,Guns Akimbo,2020,1.5313222416837007,-0.7287104274268826,-0.6360161341106251,-0.17022515745140482,0.0,0.0,0.0,1.0,0.0,0.0,0.0,1.0
4831,Time,2020,1.4558064216911724,-0.7287104274268826,-1.3072270189879556,-0.17022515745140482,0.0,1.0,0.0,0.0,0.0,0.0,0.0,1.0
4859,Unhinged,2020,1.3802906016986443,-0.7287104274268826,-0.9236779419151953,-0.17022515745140482,0.0,0.0,0.0,1.0,0.0,0.0,0.0,1.0
4863,Honest Thief,2020,1.3802906016986443,-0.7287104274268826,-0.5401288648424349,-0.17022515745140482,0.0,1.0,0.0,0.0,0.0,0.0,0.0,1.0
4865,The Vast of Night,2020,1.3802906016986443,-0.7287104274268826,-0.06069251850148466,-0.17022515745140482,0.0,1.0,0.0,0.0,0.0,0.0,0.0,1.0
4922,Coming 2 America,2021,1.2292589617135878,-0.779269521939155,-0.1565797877696747,-0.17022515745140482,0.0,1.0,0.0,0.0,0.0,0.0,0.0,1.0
4931,Uncle Tom,2020,1.1537431417210595,-0.7287104274268826,-0.8277906726470052,-0.17022515745140482,1.0,0.0,0.0,0.0,0.0,0.0,0.0,1.0
4941,The Map of Tiny Perfect Things,2021,1.1537431417210595,-0.779269521939155,1.1858419819849861,-0.17022515745140482,0.0,1.0,0.0,0.0,0.0,0.0,0.0,1.0
4963,Uncle Frank,2020,1.1537431417210595,-0.7287104274268826,-0.6360161341106251,-0.17022515745140482,0.0,0.0,0.0,1.0,0.0,0.0,0.0,1.0
4969,Tom Clancy's Without Remorse,2021,1.1537431417210595,-0.779269521939155,0.9940674434486061,-0.17022515745140482,0.0,0.0,0.0,1.0,0.0,0.0,0.0,1.0
4981,Life in a Year,2020,1.0782273217285314,-0.7287104274268826,-0.34835432630605484,-0.17022515745140482,0.0,1.0,0.0,0.0,0.0,0.0,0.0,1.0
4996,Archive,2020,1.0782273217285314,-0.7287104274268826,-1.0195652111833853,-0.17022515745140482,0.0,0.0,0.0,1.0,0.0,0.0,0.0,1.0
5014,Shakuntala Devi,2020,1.002711501736003,-0.7287104274268826,-0.2524670570378648,-0.17022515745140482,0.0,0.0,0.0,0.0,0.0,1.0,0.0,1.0
5037,Jolt,2021,1.002711501736003,-0.779269521939155,-1.3072270189879556,-0.17022515745140482,0.0,0.0,0.0,1.0,0.0,0.0,0.0,1.0
5057,The Silencing,2020,0.927195681743475,-0.7287104274268826,-0.4442415955742449,-0.17022515745140482,0.0,0.0,0.0,1.0,0.0,0.0,0.0,1.0
5079,Words on Bathroom Walls,2020,0.927195681743475,-0.7287104274268826,0.5146310971076558,-0.17022515745140482,0.0,1.0,0.0,0.0,0.0,0.0,0.0,1.0
5128,Evil Eye,2020,0.8516798617509468,-0.7287104274268826,-0.9236779419151953,-0.17022515745140482,0.0,0.0,0.0,0.0,0.0,1.0,0.0,1.0
5131,Radioactive,2020,0.8516798617509468,-0.7287104274268826,-0.6360161341106251,-0.17022515745140482,0.0,1.0,0.0,0.0,0.0,0.0,0.0,1.0
5132,I'm Your Woman,2020,0.8516798617509468,-0.7287104274268826,-0.34835432630605484,-0.17022515745140482,0.0,0.0,0.0,1.0,0.0,0.0,0.0,1.0
5142,Come to Daddy,2020,0.8516798617509468,-0.7287104274268826,-0.4442415955742449,-0.17022515745140482,0.0,0.0,0.0,1.0,0.0,0.0,0.0,1.0
5176,The Secret: Dare to Dream,2020,0.7761640417584186,-0.7287104274268826,0.7064056356440359,-0.17022515745140482,0.0,0.0,0.0,0.0,1.0,0.0,0.0,1.0
5178,Chemical Hearts,2020,0.7761640417584186,-0.7287104274268826,-0.2524670570378648,-0.17022515745140482,0.0,0.0,0.0,1.0,0.0,0.0,0.0,1.0
5212,Mortal,2020,0.7761640417584186,-0.7287104274268826,-1.1154524804515753,-0.17022515745140482,0.0,0.0,0.0,1.0,0.0,0.0,0.0,1.0
5226,Arkansas,2020,0.7006482217658904,-0.7287104274268826,-0.9236779419151953,-0.17022515745140482,0.0,0.0,0.0,1.0,0.0,0.0,0.0,1.0
5328,Herself,2020,0.549616581780834,-0.7287104274268826,-1.0195652111833853,-0.17022515745140482,0.0,0.0,0.0,1.0,0.0,0.0,0.0,1.0
5334,Jathi Ratnalu,2021,0.549616581780834,-0.779269521939155,-0.4442415955742449,-0.17022515745140482,0.0,0.0,0.0,0.0,0.0,1.0,0.0,1.0
5352,Target Number One,2020,0.549616581780834,-0.7287104274268826,-0.06069251850148466,-0.17022515745140482,0.0,0.0,0.0,1.0,0.0,0.0,0.0,1.0
5361,HIT: The First Case,2020,0.549616581780834,-0.7287104274268826,0.13108202003489547,-0.17022515745140482,0.0,0.0,0.0,0.0,0.0,1.0,0.0,1.0
5373,Love Mocktail,2020,0.549616581780834,-0.7287104274268826,-0.4442415955742449,-0.17022515745140482,0.0,0.0,0.0,0.0,0.0,1.0,0.0,1.0
5377,Black Box,2020,0.549616581780834,-0.7287104274268826,-0.8277906726470052,-0.17022515745140482,0.0,0.0,1.0,0.0,0.0,0.0,0.0,1.0
5406,Jasper Mall,2020,0.47410076178830574,-0.7287104274268826,-0.6360161341106251,-0.17022515745140482,0.0,0.0,0.0,0.0,0.0,1.0,0.0,1.0
5414,Monsters of Man,2020,0.47410076178830574,-0.7287104274268826,-0.2524670570378648,-0.17022515745140482,0.0,0.0,0.0,1.0,0.0,0.0,0.0,1.0
5447,Sufna,2020,0.47410076178830574,-0.7287104274268826,-1.2113397497197655,-0.17022515745140482,0.0,0.0,0.0,0.0,0.0,1.0,0.0,1.0
5454,Jimmy O. Yang: Good Deal,2020,0.47410076178830574,-0.7287104274268826,0.6105183663758458,-0.17022515745140482,0.0,0.0,0.0,1.0,0.0,0.0,0.0,1.0
5456,Jawaani Jaaneman,2020,0.47410076178830574,-0.7287104274268826,-0.1565797877696747,-0.17022515745140482,0.0,0.0,0.0,0.0,0.0,1.0,0.0,1.0
5471,#UNFIT: The Psychology of Donald Trump,2020,0.47410076178830574,-0.7287104274268826,1.9529401361305068,-0.17022515745140482,0.0,0.0,0.0,0.0,0.0,1.0,0.0,1.0
5504,Parallel,2021,0.3985849417957775,-0.779269521939155,-0.9236779419151953,-0.17022515745140482,0.0,0.0,0.0,1.0,0.0,0.0,0.0,1.0
5512,My Heart Can't Beat Unless You Tell It To,2021,0.3985849417957775,-0.779269521939155,2.240601943935077,-0.17022515745140482,0.0,0.0,0.0,0.0,0.0,1.0,0.0,1.0
5515,Kill Chain,2020,0.3985849417957775,-0.7287104274268826,-0.7319034033788151,-0.17022515745140482,0.0,0.0,0.0,1.0,0.0,0.0,0.0,1.0
5535,Wander,2020,0.3985849417957775,-0.7287104274268826,-1.1154524804515753,-0.17022515745140482,0.0,0.0,0.0,1.0,0.0,0.0,0.0,1.0
5541,Nocturne,2020,0.3985849417957775,-0.7287104274268826,-0.9236779419151953,-0.17022515745140482,0.0,0.0,0.0,0.0,0.0,1.0,0.0,1.0
5597,Jiang Ziya: The Legend of Deification,2020,0.32306912180324937,-0.7287104274268826,1.8570528668623167,-0.17022515745140482,0.0,0.0,0.0,0.0,1.0,0.0,0.0,1.0
5632,Chhalaang,2020,0.32306912180324937,-0.7287104274268826,-0.8277906726470052,-0.17022515745140482,0.0,0.0,1.0,0.0,0.0,0.0,0.0,1.0
5633,Force of Nature,2020,0.32306912180324937,-0.7287104274268826,-0.2524670570378648,-0.17022515745140482,0.0,0.0,0.0,1.0,0.0,0.0,0.0,1.0
5637,The Grand Tour Presents: A Massive Hunt,2020,0.32306912180324937,-0.7287104274268826,2.048827405398697,-0.17022515745140482,0.0,0.0,0.0,0.0,0.0,1.0,0.0,1.0
5681,Mary J. Blige's My Life,2021,0.24755330181072113,-0.779269521939155,0.5146310971076558,-0.17022515745140482,0.0,0.0,0.0,1.0,0.0,0.0,0.0,1.0
5728,Chick Fight,2021,0.24755330181072113,-0.779269521939155,-0.6360161341106251,-0.17022515745140482,0.0,0.0,0.0,1.0,0.0,0.0,0.0,1.0
5739,P!nk: All I Know So Far,2021,0.24755330181072113,-0.779269521939155,0.5146310971076558,-0.17022515745140482,0.0,0.0,0.0,0.0,0.0,1.0,0.0,1.0
5741,Close Encounters of the Fifth Kind,2020,0.24755330181072113,-0.7287104274268826,1.5693910590577465,-0.17022515745140482,0.0,0.0,0.0,0.0,1.0,0.0,0.0,1.0
5751,Gulabo Sitabo,2020,0.24755330181072113,-0.7287104274268826,-0.4442415955742449,-0.17022515745140482,0.0,0.0,0.0,0.0,0.0,1.0,0.0,1.0
5765,Shubh Mangal Zyada Saavdhan,2020,0.17203748181819295,-0.7287104274268826,0.898180174180416,-0.17022515745140482,0.0,0.0,0.0,0.0,0.0,1.0,0.0,1.0
5773,Sarileru Neekevvaru,2020,0.17203748181819295,-0.7287104274268826,0.13108202003489547,-0.17022515745140482,0.0,1.0,0.0,0.0,0.0,0.0,0.0,1.0
5831,The Booksellers,2020,0.17203748181819295,-0.7287104274268826,-0.2524670570378648,-0.17022515745140482,0.0,0.0,0.0,0.0,0.0,1.0,0.0,1.0
5835,Capone,2020,0.17203748181819295,-0.7287104274268826,-1.1154524804515753,-0.17022515745140482,0.0,0.0,0.0,1.0,0.0,0.0,0.0,1.0
5868,Think Like a Dog,2020,0.09652166182566474,-0.7287104274268826,-0.1565797877696747,-0.17022515745140482,0.0,0.0,0.0,0.0,1.0,0.0,0.0,1.0
5870,Luxor,2021,0.09652166182566474,-0.779269521939155,-1.2113397497197655,-0.17022515745140482,0.0,0.0,0.0,0.0,0.0,1.0,0.0,1.0
5874,The Glorias,2020,0.09652166182566474,-0.7287104274268826,-0.6360161341106251,-0.17022515745140482,0.0,0.0,0.0,1.0,0.0,0.0,0.0,1.0
5922,Pandemic,2020,0.09652166182566474,-0.7287104274268826,-0.9236779419151953,-0.17022515745140482,0.0,0.0,0.0,1.0,0.0,0.0,0.0,1.0
5950,Blood on Her Name,2020,0.021005841833136533,-0.7287104274268826,-0.06069251850148466,-0.17022515745140482,0.0,0.0,0.0,0.0,0.0,1.0,0.0,1.0
5963,Waiting for Anya,2020,0.021005841833136533,-0.7287104274268826,-0.1565797877696747,-0.17022515745140482,0.0,0.0,0.0,0.0,0.0,1.0,0.0,1.0
5965,Son of the South,2021,0.021005841833136533,-0.779269521939155,-0.1565797877696747,-0.17022515745140482,0.0,1.0,0.0,0.0,0.0,0.0,0.0,1.0
5968,Seven Stages to Achieve Eternal Bliss,2020,0.021005841833136533,-0.7287104274268826,1.8570528668623167,-0.17022515745140482,0.0,0.0,0.0,0.0,0.0,1.0,0.0,1.0
5970,Survive the Night,2020,0.021005841833136533,-0.7287104274268826,-0.06069251850148466,-0.17022515745140482,0.0,0.0,0.0,1.0,0.0,0.0,0.0,1.0
5981,Keith Haring: Street Art Boy,2020,0.021005841833136533,-0.7287104274268826,0.9940674434486061,-0.17022515745140482,0.0,0.0,0.0,1.0,0.0,0.0,0.0,1.0
5997,Hoodman,2021,0.021005841833136533,-0.779269521939155,-1.0195652111833853,-0.17022515745140482,0.0,0.0,0.0,0.0,0.0,1.0,0.0,1.0
6000,Butchers,2021,0.021005841833136533,-0.779269521939155,-0.9236779419151953,-0.17022515745140482,0.0,0.0,0.0,0.0,0.0,1.0,0.0,1.0
6036,M.O.M. Mothers of Monsters,2020,0.021005841833136533,-0.7287104274268826,0.8022929049122259,-0.17022515745140482,0.0,0.0,0.0,1.0,0.0,0.0,0.0,1.0
6042,Cold Case,2021,-0.05450997815939167,-0.779269521939155,-0.8277906726470052,-0.17022515745140482,0.0,0.0,0.0,0.0,0.0,1.0,0.0,1.0
6046,Toofan,2020,-0.05450997815939167,-0.7287104274268826,-1.1154524804515753,-0.17022515745140482,0.0,0.0,0.0,0.0,0.0,1.0,0.0,1.0
6053,American Mobster: Retribution,2021,-0.05450997815939167,-0.779269521939155,1.0899547127167961,-0.17022515745140482,0.0,0.0,0.0,0.0,0.0,1.0,0.0,1.0
6061,Eternal Beauty,2020,-0.05450997815939167,-0.7287104274268826,-0.34835432630605484,-0.17022515745140482,0.0,0.0,0.0,1.0,0.0,0.0,0.0,1.0
6064,Happiness Continues,2020,-0.05450997815939167,-0.7287104274268826,0.13108202003489547,-0.17022515745140482,0.0,0.0,0.0,0.0,0.0,1.0,0.0,1.0
6067,The Boy from Medellín,2020,-0.05450997815939167,-0.7287104274268826,0.3228565585712756,-0.17022515745140482,0.0,0.0,0.0,1.0,0.0,0.0,0.0,1.0
6112,One and the Same,2021,-0.05450997815939167,-0.779269521939155,-0.1565797877696747,-0.17022515745140482,0.0,0.0,0.0,0.0,0.0,1.0,0.0,1.0
6114,More Beautiful for Having Been Broken,2020,-0.05450997815939167,-0.7287104274268826,1.8570528668623167,-0.17022515745140482,0.0,0.0,0.0,0.0,1.0,0.0,0.0,1.0
6128,Broil,2020,-0.05450997815939167,-0.7287104274268826,-1.2113397497197655,-0.17022515745140482,0.0,0.0,1.0,0.0,0.0,0.0,0.0,1.0
6167,Walkaway Joe,2020,-0.13002579815191986,-0.7287104274268826,-0.5401288648424349,-0.17022515745140482,0.0,0.0,0.0,0.0,0.0,1.0,0.0,1.0
6187,Max Cloud,2020,-0.13002579815191986,-0.7287104274268826,-0.8277906726470052,-0.17022515745140482,0.0,1.0,0.0,0.0,0.0,0.0,0.0,1.0
6189,Ponmagal Vandhal,2020,-0.13002579815191986,-0.7287104274268826,-0.1565797877696747,-0.17022515745140482,0.0,0.0,0.0,0.0,0.0,1.0,0.0,1.0
6190,Jaanu,2020,-0.13002579815191986,-0.7287104274268826,-1.2113397497197655,-0.17022515745140482,0.0,0.0,0.0,0.0,0.0,1.0,0.0,1.0
6204,Four Kids and It,2020,-0.13002579815191986,-0.7287104274268826,-0.1565797877696747,-0.17022515745140482,0.0,0.0,0.0,0.0,1.0,0.0,0.0,1.0
6216,The Dark Red,2020,-0.13002579815191986,-0.7287104274268826,-0.5401288648424349,-0.17022515745140482,0.0,0.0,0.0,0.0,0.0,1.0,0.0,1.0
6222,The Special,2020,-0.13002579815191986,-0.7287104274268826,-0.6360161341106251,-0.17022515745140482,0.0,0.0,0.0,0.0,0.0,1.0,0.0,1.0
6235,A Most Beautiful Thing,2020,-0.13002579815191986,-0.7287104274268826,0.4187438278394657,-0.17022515745140482,0.0,0.0,0.0,0.0,0.0,1.0,0.0,1.0
6268,When We Last Spoke,2020,-0.20554161814444807,-0.7287104274268826,0.03519475076670541,-0.17022515745140482,0.0,0.0,0.0,0.0,1.0,0.0,0.0,1.0
6310,Elsewhere,2020,-0.20554161814444807,-0.7287104274268826,-0.8277906726470052,-0.17022515745140482,0.0,0.0,0.0,1.0,0.0,0.0,0.0,1.0
6312,What the Constitution Means to Me,2020,-0.20554161814444807,-0.7287104274268826,1.4735037897895564,-0.17022515745140482,0.0,0.0,0.0,0.0,0.0,1.0,0.0,1.0
6320,The Source of Shadows,2020,-0.20554161814444807,-0.7287104274268826,0.3228565585712756,-0.17022515745140482,0.0,0.0,0.0,0.0,0.0,1.0,0.0,1.0
6371,Spinster,2020,-0.28105743813697626,-0.7287104274268826,-0.9236779419151953,-0.17022515745140482,0.0,0.0,0.0,0.0,1.0,0.0,0.0,1.0
6381,Yearly Departed,2020,-0.28105743813697626,-0.7287104274268826,-0.2524670570378648,-0.17022515745140482,0.0,0.0,0.0,0.0,0.0,1.0,0.0,1.0
6396,The Legion,2020,-0.28105743813697626,-0.7287104274268826,-0.7319034033788151,-0.17022515745140482,0.0,0.0,0.0,1.0,0.0,0.0,0.0,1.0
6405,The Pond,2021,-0.28105743813697626,-0.779269521939155,-0.9236779419151953,-0.17022515745140482,0.0,0.0,0.0,0.0,0.0,1.0,0.0,1.0
6406,They Reach,2020,-0.28105743813697626,-0.7287104274268826,-0.7319034033788151,-0.17022515745140482,0.0,0.0,0.0,0.0,0.0,1.0,0.0,1.0
6421,Introspectum Motel,2021,-0.28105743813697626,-0.779269521939155,0.03519475076670541,-0.17022515745140482,0.0,0.0,0.0,0.0,0.0,1.0,0.0,1.0
6441,"Stallone: Frank, That Is",2021,-0.28105743813697626,-0.779269521939155,0.6105183663758458,-0.17022515745140482,0.0,0.0,0.0,0.0,0.0,1.0,0.0,1.0
6444,Max Reload and the Nether Blasters,2020,-0.28105743813697626,-0.7287104274268826,1.5693910590577465,-0.17022515745140482,0.0,1.0,0.0,0.0,0.0,0.0,0.0,1.0
6461,Blood Born,2021,-0.28105743813697626,-0.779269521939155,-0.7319034033788151,-0.17022515745140482,0.0,0.0,0.0,0.0,0.0,1.0,0.0,1.0
6468,Darkness Falls,2020,-0.28105743813697626,-0.7287104274268826,-0.34835432630605484,-0.17022515745140482,0.0,0.0,0.0,0.0,0.0,1.0,0.0,1.0
6471,The Winter Lake,2020,-0.28105743813697626,-0.7287104274268826,-0.2524670570378648,-0.17022515745140482,0.0,0.0,0.0,1.0,0.0,0.0,0.0,1.0
6489,"Goodbye, Butterfly",2021,-0.35657325812950447,-0.779269521939155,0.03519475076670541,-0.17022515745140482,0.0,0.0,0.0,0.0,0.0,1.0,0.0,1.0
6493,Antarctica,2020,-0.35657325812950447,-0.7287104274268826,-0.7319034033788151,-0.17022515745140482,0.0,0.0,0.0,0.0,0.0,1.0,0.0,1.0
6497,The Jack in the Box,2020,-0.35657325812950447,-0.7287104274268826,0.13108202003489547,-0.17022515745140482,0.0,0.0,0.0,0.0,0.0,1.0,0.0,1.0
6561,Inmate Zero,2020,-0.35657325812950447,-0.7287104274268826,-0.6360161341106251,-0.17022515745140482,0.0,0.0,1.0,0.0,0.0,0.0,0.0,1.0
6565,My Dad's Christmas Date,2020,-0.35657325812950447,-0.7287104274268826,0.5146310971076558,-0.17022515745140482,0.0,0.0,0.0,0.0,0.0,1.0,0.0,1.0
6568,Lazy Susan,2020,-0.35657325812950447,-0.7287104274268826,-0.7319034033788151,-0.17022515745140482,0.0,0.0,0.0,0.0,0.0,1.0,0.0,1.0
6592,Don't Let Them In,2020,-0.35657325812950447,-0.7287104274268826,-0.06069251850148466,-0.17022515745140482,0.0,0.0,0.0,0.0,0.0,1.0,0.0,1.0
6613,Never Too Late,2020,-0.4320890781220327,-0.7287104274268826,-0.34835432630605484,-0.17022515745140482,0.0,0.0,1.0,0.0,0.0,0.0,0.0,1.0
6635,Savage X Fenty Show Vol. 2,2020,-0.4320890781220327,-0.7287104274268826,0.8022929049122259,-0.17022515745140482,0.0,0.0,0.0,0.0,0.0,1.0,0.0,1.0
6660,Halal Love Story,2020,-0.4320890781220327,-0.7287104274268826,-0.1565797877696747,-0.17022515745140482,0.0,0.0,0.0,0.0,0.0,1.0,0.0,1.0
6662,She's In Portland,2020,-0.4320890781220327,-0.7287104274268826,-0.06069251850148466,-0.17022515745140482,0.0,0.0,0.0,1.0,0.0,0.0,0.0,1.0
6667,Getting to Know You,2020,-0.4320890781220327,-0.7287104274268826,0.13108202003489547,-0.17022515745140482,0.0,0.0,0.0,0.0,0.0,1.0,0.0,1.0
6672,Once is Enough,2020,-0.4320890781220327,-0.7287104274268826,-0.34835432630605484,-0.17022515745140482,0.0,0.0,0.0,0.0,1.0,0.0,0.0,1.0
6690,Red Woods,2021,-0.4320890781220327,-0.779269521939155,-0.8277906726470052,-0.17022515745140482,0.0,0.0,0.0,0.0,0.0,1.0,0.0,1.0
6699,The Lift,2021,-0.4320890781220327,-0.779269521939155,-0.9236779419151953,-0.17022515745140482,0.0,0.0,0.0,0.0,0.0,1.0,0.0,1.0
6725,The Alpha Test,2021,-0.4320890781220327,-0.779269521939155,-0.34835432630605484,-0.17022515745140482,0.0,0.0,0.0,0.0,0.0,1.0,0.0,1.0
6807,Journey to Royal: A WWII Rescue Mission,2021,-0.5076048981145609,-0.779269521939155,2.048827405398697,-0.17022515745140482,0.0,0.0,0.0,0.0,0.0,1.0,0.0,1.0
6812,Penguin,2020,-0.5076048981145609,-0.7287104274268826,-1.0195652111833853,-0.17022515745140482,0.0,0.0,0.0,0.0,0.0,1.0,0.0,1.0
6824,They Come to America IV: Immigration & Politics,2020,-0.5076048981145609,-0.7287104274268826,2.815925559544217,-0.17022515745140482,0.0,0.0,0.0,0.0,0.0,1.0,0.0,1.0
6846,Reunion,2020,-0.5076048981145609,-0.7287104274268826,-1.0195652111833853,-0.17022515745140482,0.0,0.0,0.0,0.0,0.0,1.0,0.0,1.0
6879,Home Sweet Home,2020,-0.5076048981145609,-0.7287104274268826,-0.2524670570378648,-0.17022515745140482,0.0,0.0,0.0,0.0,1.0,0.0,0.0,1.0
6888,My Brother's Keeper,2021,-0.5831207181070891,-0.779269521939155,0.13108202003489547,-0.17022515745140482,0.0,1.0,0.0,0.0,0.0,0.0,0.0,1.0
6891,Pride and Prejudice - A New Musical,2020,-0.5831207181070891,-0.7287104274268826,1.6652783283259365,-0.17022515745140482,0.0,0.0,0.0,0.0,0.0,1.0,0.0,1.0
6894,These Streets We Haunt,2021,-0.5831207181070891,-0.779269521939155,0.4187438278394657,-0.17022515745140482,0.0,0.0,0.0,0.0,0.0,1.0,0.0,1.0
6902,Sweet Sunshine,2020,-0.5831207181070891,-0.7287104274268826,-0.34835432630605484,-0.17022515745140482,0.0,0.0,0.0,0.0,0.0,1.0,0.0,1.0
6905,Steps,2021,-0.5831207181070891,-0.779269521939155,-1.2113397497197655,-0.17022515745140482,0.0,0.0,0.0,0.0,0.0,1.0,0.0,1.0
6913,We Still Say Grace,2020,-0.5831207181070891,-0.7287104274268826,0.03519475076670541,-0.17022515745140482,0.0,0.0,0.0,0.0,0.0,1.0,0.0,1.0
6930,Expiry,2021,-0.5831207181070891,-0.779269521939155,-1.1154524804515753,-0.17022515745140482,0.0,0.0,0.0,0.0,0.0,1.0,0.0,1.0
6944,Maria Bamford: Weakness Is the Brand,2020,-0.5831207181070891,-0.7287104274268826,1.7611655975941265,-0.17022515745140482,0.0,0.0,0.0,0.0,0.0,1.0,0.0,1.0
6991,The Heiress,2021,-0.5831207181070891,-0.779269521939155,-0.6360161341106251,-0.17022515745140482,0.0,0.0,0.0,1.0,0.0,0.0,0.0,1.0
7012,Lazarus,2021,-0.5831207181070891,-0.779269521939155,-1.0195652111833853,-0.17022515745140482,0.0,0.0,0.0,0.0,0.0,1.0,0.0,1.0
7016,Finding Grace,2020,-0.5831207181070891,-0.7287104274268826,-0.4442415955742449,-0.17022515745140482,0.0,0.0,0.0,0.0,0.0,1.0,0.0,1.0
7040,Stalking Chernobyl: Exploration After Apocalypse,2020,-0.6586365380996173,-0.7287104274268826,2.9118128288124074,-0.17022515745140482,0.0,0.0,0.0,0.0,0.0,1.0,0.0,1.0
7045,Ghost,2020,-0.6586365380996173,-0.7287104274268826,-1.2113397497197655,-0.17022515745140482,0.0,0.0,0.0,0.0,0.0,1.0,0.0,1.0
7050,French Biriyani,2020,-0.6586365380996173,-0.7287104274268826,-0.2524670570378648,-0.17022515745140482,0.0,0.0,0.0,0.0,0.0,1.0,0.0,1.0
7055,An English Haunting,2020,-0.6586365380996173,-0.7287104274268826,0.13108202003489547,-0.17022515745140482,0.0,1.0,0.0,0.0,0.0,0.0,0.0,1.0
7063,Madha,2020,-0.6586365380996173,-0.7287104274268826,-1.2113397497197655,-0.17022515745140482,0.0,0.0,0.0,0.0,0.0,1.0,0.0,1.0
7066,The Farmer and the Belle: Saving Santaland,2020,-0.6586365380996173,-0.7287104274268826,2.336489213203267,-0.17022515745140482,0.0,0.0,0.0,0.0,0.0,1.0,0.0,1.0
7067,On the Trail of Bigfoot- The Search,2020,-0.6586365380996173,-0.7287104274268826,1.6652783283259365,-0.17022515745140482,0.0,0.0,0.0,0.0,0.0,1.0,0.0,1.0
7081,My Beautiful Bride,2021,-0.6586365380996173,-0.779269521939155,0.03519475076670541,-0.17022515745140482,0.0,0.0,0.0,0.0,0.0,1.0,0.0,1.0
7082,Volcanic UFO Mysteries,2021,-0.6586365380996173,-0.779269521939155,0.4187438278394657,-0.17022515745140482,0.0,0.0,0.0,0.0,0.0,1.0,0.0,1.0
7107,Deadlocked,2020,-0.6586365380996173,-0.7287104274268826,-0.7319034033788151,-0.17022515745140482,0.0,0.0,0.0,0.0,0.0,1.0,0.0,1.0
7110,Dan Cummins: Get Outta Here; Devil!,2020,-0.6586365380996173,-0.7287104274268826,1.6652783283259365,-0.17022515745140482,0.0,0.0,0.0,0.0,0.0,1.0,0.0,1.0
7114,Bright Hill Road,2020,-0.6586365380996173,-0.7287104274268826,-0.1565797877696747,-0.17022515745140482,0.0,0.0,0.0,0.0,0.0,1.0,0.0,1.0
7116,Dino Dana: The Movie,2020,-0.6586365380996173,-0.7287104274268826,0.22696928930308555,-0.17022515745140482,0.0,0.0,0.0,0.0,1.0,0.0,0.0,1.0
7151,The Sleepless,2020,-0.6586365380996173,-0.7287104274268826,-0.4442415955742449,-0.17022515745140482,0.0,0.0,0.0,0.0,0.0,1.0,0.0,1.0
7172,Ferro,2020,-0.7341523580921455,-0.7287104274268826,-1.2113397497197655,-0.17022515745140482,0.0,0.0,0.0,0.0,0.0,1.0,0.0,1.0
7174,Bottom Feeders,2021,-0.7341523580921455,-0.779269521939155,-0.34835432630605484,-0.17022515745140482,0.0,0.0,0.0,0.0,0.0,1.0,0.0,1.0
7254,Black Pumpkin,2020,-0.7341523580921455,-0.7287104274268826,-0.4442415955742449,-0.17022515745140482,0.0,0.0,0.0,0.0,0.0,1.0,0.0,1.0
7281,Ape Canyon,2021,-0.7341523580921455,-0.779269521939155,-0.7319034033788151,-0.17022515745140482,0.0,0.0,0.0,0.0,0.0,1.0,0.0,1.0
7294,Beast Mode,2020,-0.7341523580921455,-0.7287104274268826,-0.7319034033788151,-0.17022515745140482,0.0,0.0,0.0,1.0,0.0,0.0,0.0,1.0
7320,Elyse,2020,-0.7341523580921455,-0.7287104274268826,-1.2113397497197655,-0.17022515745140482,0.0,0.0,0.0,0.0,0.0,1.0,0.0,1.0
7336,Hot Money,2021,-0.7341523580921455,-0.779269521939155,-0.8277906726470052,-0.17022515745140482,0.0,0.0,0.0,0.0,0.0,1.0,0.0,1.0
7337,Travis Turner,2021,-0.7341523580921455,-0.779269521939155,-0.4442415955742449,-0.17022515745140482,0.0,0.0,0.0,0.0,0.0,1.0,0.0,1.0
7338,Nightingale: A Melody of Life,2021,-0.8096681780846737,-0.779269521939155,1.0899547127167961,-0.17022515745140482,0.0,0.0,0.0,0.0,0.0,1.0,0.0,1.0
7349,Useless,2020,-0.8096681780846737,-0.7287104274268826,-1.0195652111833853,-0.17022515745140482,0.0,0.0,0.0,0.0,1.0,0.0,0.0,1.0
7357,Sufiyum Sujatayum,2020,-0.8096681780846737,-0.7287104274268826,-0.06069251850148466,-0.17022515745140482,0.0,0.0,0.0,0.0,0.0,1.0,0.0,1.0
7373,The Believer,2021,-0.8096681780846737,-0.779269521939155,-0.5401288648424349,-0.17022515745140482,0.0,0.0,0.0,0.0,0.0,1.0,0.0,1.0
7395,False Hopes,2020,-0.8096681780846737,-0.7287104274268826,-0.6360161341106251,-0.17022515745140482,0.0,0.0,0.0,0.0,1.0,0.0,0.0,1.0
7400,Kilroy,2021,-0.8096681780846737,-0.779269521939155,-1.1154524804515753,-0.17022515745140482,0.0,0.0,0.0,0.0,0.0,1.0,0.0,1.0
7425,Smiley Face Killers,2020,-0.8096681780846737,-0.7287104274268826,0.13108202003489547,-0.17022515745140482,0.0,0.0,0.0,1.0,0.0,0.0,0.0,1.0
7427,Pearl,2020,-0.8096681780846737,-0.7287104274268826,-1.2113397497197655,-0.17022515745140482,0.0,0.0,0.0,0.0,0.0,1.0,0.0,1.0
7443,Black Boys,2020,-0.8096681780846737,-0.7287104274268826,-0.7319034033788151,-0.17022515745140482,0.0,0.0,0.0,0.0,0.0,1.0,0.0,1.0
7452,Don't Call Me Bigfoot,2020,-0.8096681780846737,-0.7287104274268826,0.3228565585712756,-0.17022515745140482,0.0,0.0,0.0,0.0,1.0,0.0,0.0,1.0
7453,LAW,2020,-0.8096681780846737,-0.7287104274268826,-1.4031142882561456,-0.17022515745140482,0.0,0.0,0.0,0.0,0.0,1.0,0.0,1.0
7461,For the Love of Jessee,2020,-0.8096681780846737,-0.7287104274268826,0.4187438278394657,-0.17022515745140482,0.0,0.0,1.0,0.0,0.0,0.0,0.0,1.0
7466,Sinful,2020,-0.8096681780846737,-0.7287104274268826,-1.1154524804515753,-0.17022515745140482,0.0,0.0,0.0,0.0,0.0,1.0,0.0,1.0
7472,Relentless,2020,-0.8096681780846737,-0.7287104274268826,-0.7319034033788151,-0.17022515745140482,0.0,0.0,0.0,0.0,0.0,1.0,0.0,1.0
7484,Love by Accident,2020,-0.8096681780846737,-0.7287104274268826,-0.1565797877696747,-0.17022515745140482,0.0,0.0,0.0,0.0,0.0,1.0,0.0,1.0
7489,Gina Brillon: The Floor Is Lava,2020,-0.8096681780846737,-0.7287104274268826,1.2817292512531762,-0.17022515745140482,0.0,0.0,0.0,1.0,0.0,0.0,0.0,1.0
7494,By Night's End,2020,-0.8096681780846737,-0.7287104274268826,-0.34835432630605484,-0.17022515745140482,0.0,0.0,0.0,1.0,0.0,0.0,0.0,1.0
7497,The Stalker,2020,-0.8096681780846737,-0.7287104274268826,-0.6360161341106251,-0.17022515745140482,0.0,0.0,0.0,0.0,0.0,1.0,0.0,1.0
7529,Four Enchanted Sisters,2020,-0.8851839980772019,-0.7287104274268826,0.4187438278394657,-0.17022515745140482,0.0,0.0,0.0,0.0,1.0,0.0,0.0,1.0
7541,Gun and a Hotel Bible,2021,-0.8851839980772019,-0.779269521939155,0.3228565585712756,-0.17022515745140482,0.0,0.0,0.0,0.0,0.0,1.0,0.0,1.0
7552,Axeman at Cutters Creek,2021,-0.8851839980772019,-0.779269521939155,0.5146310971076558,-0.17022515745140482,0.0,0.0,0.0,0.0,0.0,1.0,0.0,1.0
7560,Hampton's Legion,2021,-0.8851839980772019,-0.779269521939155,-0.1565797877696747,-0.17022515745140482,0.0,0.0,0.0,0.0,0.0,1.0,0.0,1.0
7589,Copper Bill,2020,-0.8851839980772019,-0.7287104274268826,-0.6360161341106251,-0.17022515745140482,0.0,0.0,0.0,0.0,1.0,0.0,0.0,1.0
7612,Locas por el Cambio,2020,-0.8851839980772019,-0.7287104274268826,0.13108202003489547,-0.17022515745140482,0.0,1.0,0.0,0.0,0.0,0.0,0.0,1.0
7614,Werewolf,2020,-0.8851839980772019,-0.7287104274268826,-0.9236779419151953,-0.17022515745140482,0.0,0.0,0.0,0.0,0.0,1.0,0.0,1.0
7620,Meteor Moon,2020,-0.8851839980772019,-0.7287104274268826,-0.6360161341106251,-0.17022515745140482,0.0,0.0,0.0,0.0,1.0,0.0,0.0,1.0
7625,DIVOS!,2020,-0.8851839980772019,-0.7287104274268826,-1.1154524804515753,-0.17022515745140482,0.0,0.0,0.0,0.0,0.0,1.0,0.0,1.0
7630,Space Dogs: Tropical Adventure,2020,-0.8851839980772019,-0.7287104274268826,1.1858419819849861,-0.17022515745140482,0.0,0.0,0.0,0.0,1.0,0.0,0.0,1.0
7640,Papam Cheyyathavar Kalleriyatte,2020,-0.8851839980772019,-0.7287104274268826,1.2817292512531762,-0.17022515745140482,0.0,0.0,0.0,0.0,0.0,1.0,0.0,1.0
7647,The Devil to Pay,2020,-0.8851839980772019,-0.7287104274268826,-0.1565797877696747,-0.17022515745140482,0.0,0.0,0.0,1.0,0.0,0.0,0.0,1.0
7655,Break Even,2020,-0.8851839980772019,-0.7287104274268826,-0.7319034033788151,-0.17022515745140482,0.0,0.0,0.0,0.0,0.0,1.0,0.0,1.0
7666,Still Today,2020,-0.8851839980772019,-0.7287104274268826,-0.6360161341106251,-0.17022515745140482,0.0,0.0,1.0,0.0,0.0,0.0,0.0,1.0
7678,"Love, Repeat",2020,-0.9606998180697301,-0.7287104274268826,-0.5401288648424349,-0.17022515745140482,0.0,0.0,0.0,0.0,0.0,1.0,0.0,1.0
7683,Double Down,2020,-0.9606998180697301,-0.7287104274268826,-0.6360161341106251,-0.17022515745140482,0.0,0.0,0.0,0.0,0.0,1.0,0.0,1.0
7707,The Man from Kathmandu,2020,-0.9606998180697301,-0.7287104274268826,0.4187438278394657,-0.17022515745140482,0.0,1.0,0.0,0.0,0.0,0.0,0.0,1.0
7713,The Bid,2021,-0.9606998180697301,-0.779269521939155,-1.0195652111833853,-0.17022515745140482,0.0,0.0,0.0,1.0,0.0,0.0,0.0,1.0
7721,The Curse of Hobbes House,2020,-0.9606998180697301,-0.7287104274268826,0.7064056356440359,-0.17022515745140482,0.0,0.0,0.0,1.0,0.0,0.0,0.0,1.0
7793,Skydog,2020,-0.9606998180697301,-0.7287104274268826,-1.1154524804515753,-0.17022515745140482,0.0,0.0,0.0,0.0,0.0,1.0,0.0,1.0
7814,Found.,2020,-0.9606998180697301,-0.7287104274268826,-1.1154524804515753,-0.17022515745140482,0.0,0.0,0.0,0.0,0.0,1.0,0.0,1.0
7822,Priorities Chapter One: Money Isn't Everything,2021,-0.9606998180697301,-0.779269521939155,2.7200382902760274,-0.17022515745140482,0.0,0.0,0.0,0.0,0.0,1.0,0.0,1.0
7832,Dead Voices,2020,-0.9606998180697301,-0.7287104274268826,-0.6360161341106251,-0.17022515745140482,0.0,0.0,0.0,0.0,0.0,1.0,0.0,1.0
7842,Jennifer Aniston: More Than Friends,2020,-1.0362156380622582,-0.7287104274268826,1.6652783283259365,-0.17022515745140482,0.0,0.0,0.0,0.0,1.0,0.0,0.0,1.0
7843,All We Got,2021,-1.0362156380622582,-0.779269521939155,-0.7319034033788151,-0.17022515745140482,0.0,0.0,0.0,0.0,0.0,1.0,0.0,1.0
7855,Respite,2020,-1.0362156380622582,-0.7287104274268826,-1.0195652111833853,-0.17022515745140482,0.0,0.0,0.0,0.0,0.0,1.0,0.0,1.0
7860,Good Grief It's Friday,2021,-1.0362156380622582,-0.779269521939155,0.4187438278394657,-0.17022515745140482,0.0,0.0,0.0,0.0,0.0,1.0,0.0,1.0
7882,A Deadly Legend,2020,-1.0362156380622582,-0.7287104274268826,-0.2524670570378648,-0.17022515745140482,0.0,0.0,0.0,0.0,0.0,1.0,0.0,1.0
7905,Selfie Dad,2020,-1.0362156380622582,-0.7287104274268826,-0.7319034033788151,-0.17022515745140482,0.0,0.0,0.0,0.0,1.0,0.0,0.0,1.0
7907,Hannibal Thompson: Out of Control,2020,-1.0362156380622582,-0.7287104274268826,1.4735037897895564,-0.17022515745140482,0.0,0.0,0.0,0.0,0.0,1.0,0.0,1.0
7913,Righteous Villains,2020,-1.0362156380622582,-0.7287104274268826,0.03519475076670541,-0.17022515745140482,0.0,0.0,0.0,1.0,0.0,0.0,0.0,1.0
7925,Pocket Full of Game,2020,-1.0362156380622582,-0.7287104274268826,0.13108202003489547,-0.17022515745140482,0.0,0.0,0.0,0.0,0.0,1.0,0.0,1.0
7937,Goblin,2020,-1.0362156380622582,-0.7287104274268826,-1.1154524804515753,-0.17022515745140482,0.0,0.0,0.0,0.0,0.0,1.0,0.0,1.0
7964,Underplayed,2020,-1.0362156380622582,-0.7287104274268826,-0.6360161341106251,-0.17022515745140482,0.0,0.0,0.0,0.0,0.0,1.0,0.0,1.0
7997,Greg Warren: Where the Field Corn Grows,2020,-1.1117314580547866,-0.7287104274268826,2.048827405398697,-0.17022515745140482,0.0,0.0,0.0,0.0,0.0,1.0,0.0,1.0
8000,Interviewing Monsters and Bigfoot,2020,-1.1117314580547866,-0.7287104274268826,1.4735037897895564,-0.17022515745140482,0.0,0.0,1.0,0.0,0.0,0.0,0.0,1.0
8010,Kim McVicar: Please Notice Me,2020,-1.1117314580547866,-0.7287104274268826,1.0899547127167961,-0.17022515745140482,0.0,0.0,0.0,0.0,0.0,1.0,0.0,1.0
8023,The Christmas Ride,2020,-1.1117314580547866,-0.7287104274268826,0.03519475076670541,-0.17022515745140482,0.0,0.0,0.0,0.0,0.0,1.0,0.0,1.0
8027,First One In,2020,-1.1117314580547866,-0.7287104274268826,-0.5401288648424349,-0.17022515745140482,0.0,0.0,0.0,0.0,0.0,1.0,0.0,1.0
8047,Mary for Mayor,2020,-1.1117314580547866,-0.7287104274268826,-0.34835432630605484,-0.17022515745140482,0.0,0.0,0.0,0.0,1.0,0.0,0.0,1.0
8051,Price of Love,2020,-1.1117314580547866,-0.7287104274268826,-0.4442415955742449,-0.17022515745140482,0.0,0.0,0.0,0.0,0.0,1.0,0.0,1.0
8083,15 Killings,2020,-1.1117314580547866,-0.7287104274268826,-0.6360161341106251,-0.17022515745140482,0.0,0.0,0.0,0.0,0.0,1.0,0.0,1.0
8133,Midnight Devils,2020,-1.1872472780473147,-0.7287104274268826,-0.2524670570378648,-0.17022515745140482,0.0,0.0,0.0,0.0,0.0,1.0,0.0,1.0
8139,The Healing Garden,2021,-1.1872472780473147,-0.779269521939155,0.03519475076670541,-0.17022515745140482,1.0,0.0,0.0,0.0,0.0,0.0,0.0,1.0
8158,Ester Steinberg Burning Bush,2021,-1.1872472780473147,-0.779269521939155,0.9940674434486061,-0.17022515745140482,0.0,1.0,0.0,0.0,0.0,0.0,0.0,1.0
8169,Tammy Pescatelli's Way After School Special,2020,-1.1872472780473147,-0.7287104274268826,2.432376482471457,-0.17022515745140482,0.0,0.0,0.0,1.0,0.0,0.0,0.0,1.0
8206,Honesty Weekend,2021,-1.1872472780473147,-0.779269521939155,-0.2524670570378648,-0.17022515745140482,0.0,0.0,0.0,0.0,0.0,1.0,0.0,1.0
8245,Virus Shark,2021,-1.1872472780473147,-0.779269521939155,-0.6360161341106251,-0.17022515745140482,0.0,0.0,0.0,0.0,0.0,1.0,0.0,1.0
8251,Miracle on Highway 34,2020,-1.1872472780473147,-0.7287104274268826,0.3228565585712756,-0.17022515745140482,0.0,0.0,0.0,0.0,0.0,1.0,0.0,1.0
8255,A New Husband for Christmas,2020,-1.262763098039843,-0.7287104274268826,0.898180174180416,-0.17022515745140482,0.0,0.0,0.0,0.0,0.0,1.0,0.0,1.0
8259,Magic Max,2021,-1.262763098039843,-0.779269521939155,-0.8277906726470052,-0.17022515745140482,0.0,1.0,0.0,0.0,0.0,0.0,0.0,1.0
8288,Jay Mohr: American Treasure,2020,-1.262763098039843,-0.7287104274268826,0.898180174180416,-0.17022515745140482,0.0,0.0,0.0,0.0,0.0,1.0,0.0,1.0
8297,Voyage of the Chimera,2021,-1.262763098039843,-0.779269521939155,0.3228565585712756,-0.17022515745140482,0.0,0.0,0.0,0.0,0.0,1.0,0.0,1.0
8308,Android Uprising,2020,-1.262763098039843,-0.7287104274268826,-0.1565797877696747,-0.17022515745140482,0.0,0.0,0.0,0.0,0.0,1.0,0.0,1.0
8314,Doppel,2020,-1.262763098039843,-0.7287104274268826,-1.1154524804515753,-0.17022515745140482,0.0,0.0,0.0,0.0,0.0,1.0,0.0,1.0
8354,The Phoenix,2020,-1.338278918032371,-0.7287104274268826,-0.6360161341106251,-0.17022515745140482,0.0,0.0,0.0,0.0,0.0,1.0,0.0,1.0
8368,Lady of Guadalupe,2020,-1.338278918032371,-0.7287104274268826,-0.06069251850148466,-0.17022515745140482,0.0,0.0,0.0,0.0,0.0,1.0,0.0,1.0
8374,First Lady,2020,-1.338278918032371,-0.7287104274268826,-0.7319034033788151,-0.17022515745140482,0.0,0.0,0.0,0.0,1.0,0.0,0.0,1.0
8376,Painter,2020,-1.338278918032371,-0.7287104274268826,-1.0195652111833853,-0.17022515745140482,0.0,0.0,0.0,0.0,1.0,0.0,0.0,1.0
8384,Nicole Burch: Never Been Kissed,2020,-1.338278918032371,-0.7287104274268826,1.2817292512531762,-0.17022515745140482,0.0,0.0,0.0,0.0,0.0,1.0,0.0,1.0
8385,Choosi Choodangaane,2020,-1.338278918032371,-0.7287104274268826,0.13108202003489547,-0.17022515745140482,0.0,0.0,0.0,0.0,0.0,1.0,0.0,1.0
8395,Finding Jesus,2020,-1.338278918032371,-0.7287104274268826,-0.4442415955742449,-0.17022515745140482,1.0,0.0,0.0,0.0,0.0,0.0,0.0,1.0
8396,Black History Activators,2020,-1.338278918032371,-0.7287104274268826,0.6105183663758458,-0.17022515745140482,0.0,0.0,0.0,0.0,0.0,1.0,0.0,1.0
8401,Scary Bride,2020,-1.338278918032371,-0.7287104274268826,-0.6360161341106251,-0.17022515745140482,0.0,0.0,0.0,0.0,0.0,1.0,0.0,1.0
8408,The Great Cookie Comeback: Rebaking Wally Amos,2020,-1.338278918032371,-0.7287104274268826,2.7200382902760274,-0.17022515745140482,0.0,0.0,0.0,0.0,0.0,1.0,0.0,1.0
8433,Intolerance: No More,2020,-1.338278918032371,-0.7287104274268826,0.22696928930308555,-0.17022515745140482,0.0,0.0,0.0,0.0,0.0,1.0,0.0,1.0
8436,Trump vs the Illuminati,2020,-1.338278918032371,-0.7287104274268826,0.5146310971076558,-0.17022515745140482,0.0,0.0,0.0,0.0,0.0,1.0,0.0,1.0
8441,Stro: The Michael D'Asaro Story,2020,-1.4137947380248994,-0.7287104274268826,1.2817292512531762,-0.17022515745140482,0.0,0.0,0.0,0.0,0.0,1.0,0.0,1.0
8455,Hawk and Rev: Vampire Slayers,2020,-1.4137947380248994,-0.7287104274268826,1.0899547127167961,-0.17022515745140482,0.0,0.0,0.0,0.0,0.0,1.0,0.0,1.0
8461,Love You Right: An R&B Musical,2021,-1.4137947380248994,-0.779269521939155,1.1858419819849861,-0.17022515745140482,0.0,0.0,0.0,0.0,0.0,1.0,0.0,1.0
8479,Fishbowl,2021,-1.4137947380248994,-0.779269521939155,-0.9236779419151953,-0.17022515745140482,0.0,0.0,0.0,0.0,0.0,1.0,0.0,1.0
8492,Claudia Oshry: Disgraced Queen,2020,-1.4893105580174275,-0.7287104274268826,1.1858419819849861,-0.17022515745140482,0.0,0.0,0.0,0.0,0.0,1.0,0.0,1.0
8504,Mummy Dearest,2021,-1.4893105580174275,-0.779269521939155,-0.4442415955742449,-0.17022515745140482,0.0,0.0,0.0,0.0,0.0,1.0,0.0,1.0
8512,Terror at Bigfoot Pond,2020,-1.4893105580174275,-0.7287104274268826,0.4187438278394657,-0.17022515745140482,0.0,0.0,0.0,1.0,0.0,0.0,0.0,1.0
8517,The Reunited States,2020,-1.5648263780099556,-0.7287104274268826,0.13108202003489547,-0.17022515745140482,0.0,0.0,0.0,0.0,0.0,1.0,0.0,1.0
8531,Aperture Kids and the Mysterious Neighbor,2021,-1.5648263780099556,-0.779269521939155,2.240601943935077,-0.17022515745140482,0.0,0.0,0.0,0.0,0.0,1.0,0.0,1.0
8537,Konga TNT,2020,-1.640342198002484,-0.7287104274268826,-0.8277906726470052,-0.17022515745140482,0.0,0.0,0.0,0.0,0.0,1.0,0.0,1.0
8545,Brash Boys Club,2020,-1.715858017995012,-0.7287104274268826,-0.2524670570378648,-0.17022515745140482,0.0,0.0,0.0,0.0,0.0,1.0,0.0,1.0
8582,Josh Blue: Broccoli,2020,-2.9241111378754634,-0.7287104274268826,0.13108202003489547,-0.17022515745140482,0.0,0.0,0.0,0.0,0.0,1.0,0.0,1.0
8586,Anxiety Feast,2020,-2.9241111378754634,-0.7287104274268826,-0.4442415955742449,-0.17022515745140482,0.0,0.0,0.0,0.0,0.0,1.0,0.0,1.0
8601,Halloween Bug-A-Boo!,2020,-3.0751427778605196,-0.7287104274268826,0.22696928930308555,-0.17022515745140482,0.0,0.0,0.0,0.0,0.0,1.0,0.0,1.0
8621,Soul,2020,2.6640595415716235,-0.7287104274268826,-1.3072270189879556,-0.17022515745140482,0.0,0.0,0.0,0.0,1.0,0.0,0.0,1.0
8663,Luca,2021,2.135448801623926,-0.779269521939155,-1.3072270189879556,-0.17022515745140482,0.0,0.0,0.0,0.0,1.0,0.0,0.0,1.0
8674,Hamilton,2020,2.059932981631398,-0.7287104274268826,-0.9236779419151953,-0.17022515745140482,0.0,1.0,0.0,0.0,0.0,0.0,0.0,1.0
8677,Raya and the Last Dragon,2021,2.059932981631398,-0.779269521939155,0.6105183663758458,-0.17022515745140482,0.0,0.0,0.0,0.0,1.0,0.0,0.0,1.0
8687,Onward,2020,1.9844171616388697,-0.7287104274268826,-1.1154524804515753,-0.17022515745140482,0.0,0.0,0.0,0.0,1.0,0.0,0.0,1.0
8697,Black Is King,2020,1.9089013416463416,-0.7287104274268826,-0.4442415955742449,-0.17022515745140482,0.0,0.0,1.0,0.0,0.0,0.0,0.0,1.0
8747,Stargirl,2020,1.5313222416837007,-0.7287104274268826,-0.9236779419151953,-0.17022515745140482,0.0,0.0,0.0,0.0,1.0,0.0,0.0,1.0
8769,Timmy Failure: Mistakes Were Made,2020,1.4558064216911724,-0.7287104274268826,1.4735037897895564,-0.17022515745140482,0.0,0.0,0.0,0.0,1.0,0.0,0.0,1.0
8852,The One and Only Ivan,2020,1.002711501736003,-0.7287104274268826,0.3228565585712756,-0.17022515745140482,0.0,0.0,0.0,0.0,1.0,0.0,0.0,1.0
8900,22 vs. Earth,2021,0.7761640417584186,-0.779269521939155,-0.5401288648424349,-0.17022515745140482,1.0,0.0,0.0,0.0,0.0,0.0,0.0,1.0
8903,"The Simpsons: The Good, the Bart, and the Loki",2021,0.7761640417584186,-0.779269521939155,2.7200382902760274,-0.17022515745140482,0.0,0.0,0.0,0.0,1.0,0.0,0.0,1.0
8914,Folklore: The Long Pond Studio Sessions,2020,0.7761640417584186,-0.7287104274268826,2.048827405398697,-0.17022515745140482,0.0,0.0,0.0,0.0,1.0,0.0,0.0,1.0
8915,Us Again,2021,0.7761640417584186,-0.779269521939155,-0.9236779419151953,-0.17022515745140482,1.0,0.0,0.0,0.0,0.0,0.0,0.0,1.0
8935,Phineas and Ferb: The Movie: Candace Against the Universe,2020,0.7006482217658904,-0.7287104274268826,3.774798252226118,-0.17022515745140482,1.0,0.0,0.0,0.0,0.0,0.0,0.0,1.0
8936,Godmothered,2020,0.7006482217658904,-0.7287104274268826,-0.6360161341106251,-0.17022515745140482,0.0,0.0,0.0,0.0,1.0,0.0,0.0,1.0
8947,Flora & Ulysses,2021,0.6251324017733622,-0.779269521939155,-0.2524670570378648,-0.17022515745140482,0.0,0.0,0.0,0.0,1.0,0.0,0.0,1.0
8960,Miraculous World: Shanghai – The Legend of Ladydragon,2021,0.6251324017733622,-0.779269521939155,3.3912491751533578,-0.17022515745140482,0.0,0.0,0.0,0.0,1.0,0.0,0.0,1.0
8979,The Lego Star Wars Holiday Special,2020,0.549616581780834,-0.7287104274268826,1.5693910590577465,-0.17022515745140482,1.0,0.0,0.0,0.0,0.0,0.0,0.0,1.0
8983,Safety,2020,0.549616581780834,-0.7287104274268826,-1.1154524804515753,-0.17022515745140482,0.0,0.0,0.0,0.0,1.0,0.0,0.0,1.0
8986,Maggie Simpson in The Force Awakens from Its Nap,2021,0.549616581780834,-0.779269521939155,2.9118128288124074,-0.17022515745140482,0.0,0.0,0.0,1.0,0.0,0.0,0.0,1.0
8990,Once Upon a Snowman,2020,0.549616581780834,-0.7287104274268826,0.13108202003489547,-0.17022515745140482,1.0,0.0,0.0,0.0,0.0,0.0,0.0,1.0
8997,"Miraculous World: New York, United HeroeZ",2020,0.47410076178830574,-0.7287104274268826,2.240601943935077,-0.17022515745140482,0.0,0.0,0.0,0.0,1.0,0.0,0.0,1.0
8998,Secret Society of Second Born Royals,2020,0.47410076178830574,-0.7287104274268826,1.7611655975941265,-0.17022515745140482,0.0,0.0,0.0,0.0,1.0,0.0,0.0,1.0
9002,Artemis Fowl,2020,0.47410076178830574,-0.7287104274268826,-0.5401288648424349,-0.17022515745140482,0.0,0.0,0.0,0.0,1.0,0.0,0.0,1.0
9014,Clouds,2020,0.47410076178830574,-0.7287104274268826,-1.1154524804515753,-0.17022515745140482,0.0,1.0,0.0,0.0,0.0,0.0,0.0,1.0
9015,Magic Camp,2020,0.3985849417957775,-0.7287104274268826,-0.7319034033788151,-0.17022515745140482,0.0,0.0,0.0,0.0,1.0,0.0,0.0,1.0
9052,Burrow,2020,0.32306912180324937,-0.7287104274268826,-1.1154524804515753,-0.17022515745140482,1.0,0.0,0.0,0.0,0.0,0.0,0.0,1.0
9057,Black Beauty,2020,0.32306912180324937,-0.7287104274268826,-0.5401288648424349,-0.17022515745140482,0.0,0.0,0.0,0.0,1.0,0.0,0.0,1.0
9073,Z-O-M-B-I-E-S 2,2020,0.24755330181072113,-0.7287104274268826,-0.2524670570378648,-0.17022515745140482,1.0,0.0,0.0,0.0,0.0,0.0,0.0,1.0
9086,Out,2020,0.24755330181072113,-0.7287104274268826,-1.4031142882561456,-0.17022515745140482,0.0,0.0,0.0,0.0,1.0,0.0,0.0,1.0
9087,Loop,2020,0.24755330181072113,-0.7287104274268826,-1.3072270189879556,-0.17022515745140482,0.0,0.0,0.0,0.0,1.0,0.0,0.0,1.0
9107,Stuntman,2021,0.17203748181819295,-0.779269521939155,-0.9236779419151953,-0.17022515745140482,0.0,1.0,0.0,0.0,0.0,0.0,0.0,1.0
9116,The Little Prince(ss),2021,0.17203748181819295,-0.779269521939155,0.3228565585712756,-0.17022515745140482,0.0,0.0,0.0,0.0,0.0,1.0,0.0,1.0
9129,Upside-Down Magic,2020,0.09652166182566474,-0.7287104274268826,-0.06069251850148466,-0.17022515745140482,1.0,0.0,0.0,0.0,0.0,0.0,0.0,1.0
9137,Wolfgang,2021,0.021005841833136533,-0.779269521939155,-0.9236779419151953,-0.17022515745140482,0.0,0.0,0.0,0.0,0.0,1.0,0.0,1.0
9144,Star Wars Biomes,2021,0.021005841833136533,-0.779269521939155,-0.1565797877696747,-0.17022515745140482,0.0,0.0,0.0,0.0,0.0,1.0,0.0,1.0
9157,Elephant,2020,0.021005841833136533,-0.7287104274268826,-0.9236779419151953,-0.17022515745140482,1.0,0.0,0.0,0.0,0.0,0.0,0.0,1.0
9161,The Real Right Stuff,2020,0.021005841833136533,-0.7287104274268826,0.22696928930308555,-0.17022515745140482,0.0,0.0,0.0,0.0,1.0,0.0,0.0,1.0
9176,Shark Beach with Chris Hemsworth,2021,-0.05450997815939167,-0.779269521939155,1.3776165205213664,-0.17022515745140482,0.0,0.0,0.0,0.0,0.0,1.0,0.0,1.0
9177,Playing with Sharks: The Valerie Taylor Story,2021,-0.05450997815939167,-0.779269521939155,2.624151021007837,-0.17022515745140482,0.0,1.0,0.0,0.0,0.0,0.0,0.0,1.0
9178,Marvel's Behind the Mask,2021,-0.05450997815939167,-0.779269521939155,0.6105183663758458,-0.17022515745140482,0.0,1.0,0.0,0.0,0.0,0.0,0.0,1.0
9203,American Eid,2021,-0.13002579815191986,-0.779269521939155,-0.5401288648424349,-0.17022515745140482,1.0,0.0,0.0,0.0,0.0,0.0,0.0,1.0
9215,Lamp Life,2020,-0.20554161814444807,-0.7287104274268826,-0.8277906726470052,-0.17022515745140482,0.0,0.0,0.0,0.0,0.0,1.0,0.0,1.0
9224,Let's Be Tigers,2021,-0.20554161814444807,-0.779269521939155,-0.2524670570378648,-0.17022515745140482,0.0,0.0,0.0,0.0,1.0,0.0,0.0,1.0
9270,Jane Goodall: The Hope,2020,-0.35657325812950447,-0.7287104274268826,0.4187438278394657,-0.17022515745140482,0.0,0.0,0.0,0.0,0.0,1.0,0.0,1.0
9276,Growing Fangs,2021,-0.35657325812950447,-0.779269521939155,-0.4442415955742449,-0.17022515745140482,0.0,0.0,0.0,0.0,0.0,1.0,0.0,1.0
9285,Orca Vs Great White,2021,-0.35657325812950447,-0.779269521939155,0.13108202003489547,-0.17022515745140482,0.0,1.0,0.0,0.0,0.0,0.0,0.0,1.0
9289,The Last of the Chupacabras,2021,-0.4320890781220327,-0.779269521939155,0.898180174180416,-0.17022515745140482,0.0,0.0,0.0,0.0,0.0,1.0,0.0,1.0
9290,Forky Asks a Question: What Is Cheese?,2020,-0.4320890781220327,-0.7287104274268826,1.9529401361305068,-0.17022515745140482,0.0,0.0,0.0,0.0,0.0,1.0,0.0,1.0
9294,Dinner Is Served,2021,-0.4320890781220327,-0.779269521939155,-0.1565797877696747,-0.17022515745140482,0.0,0.0,0.0,0.0,0.0,1.0,0.0,1.0
9296,Lost on Everest,2020,-0.4320890781220327,-0.7287104274268826,-0.2524670570378648,-0.17022515745140482,0.0,1.0,0.0,0.0,0.0,0.0,0.0,1.0
9307,Mars: One Day on the Red Planet,2020,-0.4320890781220327,-0.7287104274268826,1.2817292512531762,-0.17022515745140482,0.0,0.0,0.0,0.0,0.0,1.0,0.0,1.0
9318,Rogue Shark?,2021,-0.5076048981145609,-0.779269521939155,-0.5401288648424349,-0.17022515745140482,0.0,1.0,0.0,0.0,0.0,0.0,0.0,1.0
9337,Back To The Titanic,2020,-0.5076048981145609,-0.7287104274268826,0.13108202003489547,-0.17022515745140482,0.0,0.0,0.0,0.0,1.0,0.0,0.0,1.0
9339,Forky Asks a Question: What is Reading?,2020,-0.5076048981145609,-0.7287104274268826,2.048827405398697,-0.17022515745140482,0.0,0.0,0.0,0.0,0.0,1.0,0.0,1.0
9353,Own the Room,2021,-0.5831207181070891,-0.779269521939155,-0.5401288648424349,-0.17022515745140482,0.0,0.0,0.0,0.0,1.0,0.0,0.0,1.0
9360,Myth: A Frozen Tale,2020,-0.5831207181070891,-0.7287104274268826,0.13108202003489547,-0.17022515745140482,0.0,0.0,0.0,0.0,0.0,1.0,0.0,1.0
9369,World's Biggest Bull Shark?,2021,-0.6586365380996173,-0.779269521939155,0.898180174180416,-0.17022515745140482,0.0,1.0,0.0,0.0,0.0,0.0,0.0,1.0
9375,Shark Gangs,2021,-0.6586365380996173,-0.779269521939155,-0.6360161341106251,-0.17022515745140482,0.0,1.0,0.0,0.0,0.0,0.0,0.0,1.0
9379,In the Footsteps of Elephant,2020,-0.6586365380996173,-0.7287104274268826,0.9940674434486061,-0.17022515745140482,1.0,0.0,0.0,0.0,0.0,0.0,0.0,1.0
9382,A Celebration of the Music from Coco,2020,-0.6586365380996173,-0.7287104274268826,1.7611655975941265,-0.17022515745140482,0.0,0.0,0.0,0.0,0.0,1.0,0.0,1.0
9388,High School Musical: The Musical: The Holiday Special,2020,-0.6586365380996173,-0.7287104274268826,3.3912491751533578,-0.17022515745140482,1.0,0.0,0.0,0.0,0.0,0.0,0.0,1.0
9390,Playdate with Destiny,2020,-0.6586365380996173,-0.7287104274268826,0.3228565585712756,-0.17022515745140482,1.0,0.0,0.0,0.0,0.0,0.0,0.0,1.0
9391,Dory's Reef Cam,2020,-0.6586365380996173,-0.7287104274268826,-0.2524670570378648,-0.17022515745140482,1.0,0.0,0.0,0.0,0.0,0.0,0.0,1.0
9401,Lost Temple of The Inca,2020,-0.7341523580921455,-0.7287104274268826,0.5146310971076558,-0.17022515745140482,0.0,0.0,0.0,0.0,1.0,0.0,0.0,1.0
9409,The Disney Holiday Singalong,2020,-0.8096681780846737,-0.7287104274268826,0.9940674434486061,-0.17022515745140482,0.0,0.0,0.0,0.0,0.0,1.0,0.0,1.0
9418,Expedition Everest,2020,-0.8851839980772019,-0.7287104274268826,0.03519475076670541,-0.17022515745140482,0.0,0.0,0.0,0.0,1.0,0.0,0.0,1.0
9421,From Our Family to Yours,2020,-0.8851839980772019,-0.7287104274268826,0.6105183663758458,-0.17022515745140482,0.0,0.0,0.0,0.0,0.0,1.0,0.0,1.0
9426,Diving with Dolphins,2020,-0.8851839980772019,-0.7287104274268826,0.22696928930308555,-0.17022515745140482,0.0,0.0,0.0,0.0,0.0,1.0,0.0,1.0
9427,Petra: Secrets of the Ancient Builders,2020,-0.8851839980772019,-0.7287104274268826,1.9529401361305068,-0.17022515745140482,1.0,0.0,0.0,0.0,0.0,0.0,0.0,1.0
9428,Surviving the Mount St. Helens Disaster,2020,-0.8851839980772019,-0.7287104274268826,2.048827405398697,-0.17022515745140482,0.0,0.0,0.0,0.0,0.0,1.0,0.0,1.0
9435,Secrets of the Bull Shark,2020,-0.9606998180697301,-0.7287104274268826,0.7064056356440359,-0.17022515745140482,0.0,0.0,0.0,0.0,0.0,1.0,0.0,1.0
9442,The Last Ice,2020,-0.9606998180697301,-0.7287104274268826,-0.5401288648424349,-0.17022515745140482,0.0,0.0,0.0,0.0,0.0,1.0,0.0,1.0
9448,Hamilton: History Has Its Eyes On You,2020,-0.9606998180697301,-0.7287104274268826,1.8570528668623167,-0.17022515745140482,0.0,0.0,0.0,0.0,1.0,0.0,0.0,1.0
9449,The Hidden Kingdoms of China,2020,-0.9606998180697301,-0.7287104274268826,0.9940674434486061,-0.17022515745140482,0.0,0.0,0.0,0.0,0.0,1.0,0.0,1.0
9453,Buried Truth of the Maya,2020,-1.0362156380622582,-0.7287104274268826,0.6105183663758458,-0.17022515745140482,0.0,0.0,0.0,0.0,1.0,0.0,0.0,1.0
9455,Shark vs. Surfer,2020,-1.0362156380622582,-0.7287104274268826,-0.1565797877696747,-0.17022515745140482,0.0,0.0,0.0,0.0,0.0,1.0,0.0,1.0
9469,Born Wild: The Next Generation,2020,-1.1872472780473147,-0.7287104274268826,1.1858419819849861,-0.17022515745140482,1.0,0.0,0.0,0.0,0.0,0.0,0.0,1.0
9476,Being the Queen,2020,-1.1872472780473147,-0.7287104274268826,-0.2524670570378648,-0.17022515745140482,0.0,1.0,0.0,0.0,0.0,0.0,0.0,1.0
9483,The Undefeated Presents: Hamilton In-Depth,2020,-1.262763098039843,-0.7287104274268826,2.336489213203267,-0.17022515745140482,0.0,0.0,0.0,0.0,0.0,1.0,0.0,1.0
9484,Penguins: Life on the Edge,2020,-1.262763098039843,-0.7287104274268826,0.8022929049122259,-0.17022515745140482,0.0,0.0,0.0,0.0,0.0,1.0,0.0,1.0
9485,Wild Portugal,2020,-1.262763098039843,-0.7287104274268826,-0.4442415955742449,-0.17022515745140482,0.0,1.0,0.0,0.0,0.0,0.0,0.0,1.0
9486,Disney My Music Story: Perfume,2020,-1.262763098039843,-0.7287104274268826,1.1858419819849861,-0.17022515745140482,0.0,0.0,0.0,0.0,0.0,1.0,0.0,1.0
9488,Shark vs. Whale,2020,-1.4137947380248994,-0.7287104274268826,-0.2524670570378648,-0.17022515745140482,0.0,0.0,0.0,0.0,1.0,0.0,0.0,1.0
9489,Shark Attack Investigation: The Paige Winter Story,2020,-1.4137947380248994,-0.7287104274268826,3.1035873673487875,-0.17022515745140482,0.0,1.0,0.0,0.0,0.0,0.0,0.0,1.0
9490,Disney Holiday Magic Quest,2020,-1.4137947380248994,-0.7287104274268826,0.8022929049122259,-0.17022515745140482,0.0,0.0,0.0,0.0,0.0,1.0,0.0,1.0
9491,India's Wild Leopards,2020,-1.4137947380248994,-0.7287104274268826,0.3228565585712756,-0.17022515745140482,0.0,0.0,0.0,0.0,0.0,1.0,0.0,1.0
9496,My Music Story: Yoshiki,2021,-1.5648263780099556,-0.779269521939155,0.5146310971076558,-0.17022515745140482,0.0,0.0,1.0,0.0,0.0,0.0,0.0,1.0
9497,Disney Channel Halloween House Party,2020,-1.5648263780099556,-0.7287104274268826,1.7611655975941265,-0.17022515745140482,0.0,0.0,0.0,0.0,0.0,1.0,0.0,1.0
9501,Challenge Accepted! Disney Channel's Epic Holiday Showdown,2020,-1.640342198002484,-0.7287104274268826,3.870685521494308,-0.17022515745140482,0.0,0.0,0.0,0.0,0.0,1.0,0.0,1.0
9502,Sharks of the Bermuda Triangle,2020,-1.715858017995012,-0.7287104274268826,1.1858419819849861,-0.17022515745140482,0.0,0.0,0.0,0.0,0.0,1.0,0.0,1.0
9503,Sharkcano,2020,-2.848595317882935,-0.7287104274268826,-0.8277906726470052,-0.17022515745140482,0.0,0.0,0.0,0.0,0.0,1.0,0.0,1.0
9504,Disney My Music Story: Sukima Switch,2021,-2.848595317882935,-0.779269521939155,1.7611655975941265,-0.17022515745140482,0.0,0.0,1.0,0.0,0.0,0.0,0.0,1.0
9508,Texas Storm Squad,2020,-2.9996269578679917,-0.7287104274268826,-0.06069251850148466,-0.17022515745140482,0.0,1.0,0.0,0.0,0.0,0.0,0.0,1.0
9509,What the Shark?,2020,-2.9996269578679917,-0.7287104274268826,-0.2524670570378648,-0.17022515745140482,0.0,1.0,0.0,0.0,0.0,0.0,0.0,1.0
9510,Built for Mars: The Perseverance Rover,2021,-2.9996269578679917,-0.779269521939155,1.9529401361305068,-0.17022515745140482,0.0,0.0,0.0,0.0,0.0,1.0,0.0,1.0
9511,Most Wanted Sharks,2020,-2.9996269578679917,-0.7287104274268826,0.03519475076670541,-0.17022515745140482,0.0,0.0,0.0,0.0,0.0,1.0,0.0,1.0
9512,Doc McStuffins: The Doc Is In,2020,-3.0751427778605196,-0.7287104274268826,1.0899547127167961,-0.17022515745140482,0.0,0.0,0.0,0.0,0.0,1.0,0.0,1.0
